{
  "language": "Solidity",
  "sources": {
    "@openzeppelin/contracts/math/SafeMath.sol": {
      "content": "// SPDX-License-Identifier: MIT\n\npragma solidity ^0.6.0;\n\n/**\n * @dev Wrappers over Solidity's arithmetic operations with added overflow\n * checks.\n *\n * Arithmetic operations in Solidity wrap on overflow. This can easily result\n * in bugs, because programmers usually assume that an overflow raises an\n * error, which is the standard behavior in high level programming languages.\n * `SafeMath` restores this intuition by reverting the transaction when an\n * operation overflows.\n *\n * Using this library instead of the unchecked operations eliminates an entire\n * class of bugs, so it's recommended to use it always.\n */\nlibrary SafeMath {\n    /**\n     * @dev Returns the addition of two unsigned integers, reverting on\n     * overflow.\n     *\n     * Counterpart to Solidity's `+` operator.\n     *\n     * Requirements:\n     *\n     * - Addition cannot overflow.\n     */\n    function add(uint256 a, uint256 b) internal pure returns (uint256) {\n        uint256 c = a + b;\n        require(c >= a, \"SafeMath: addition overflow\");\n\n        return c;\n    }\n\n    /**\n     * @dev Returns the subtraction of two unsigned integers, reverting on\n     * overflow (when the result is negative).\n     *\n     * Counterpart to Solidity's `-` operator.\n     *\n     * Requirements:\n     *\n     * - Subtraction cannot overflow.\n     */\n    function sub(uint256 a, uint256 b) internal pure returns (uint256) {\n        return sub(a, b, \"SafeMath: subtraction overflow\");\n    }\n\n    /**\n     * @dev Returns the subtraction of two unsigned integers, reverting with custom message on\n     * overflow (when the result is negative).\n     *\n     * Counterpart to Solidity's `-` operator.\n     *\n     * Requirements:\n     *\n     * - Subtraction cannot overflow.\n     */\n    function sub(uint256 a, uint256 b, string memory errorMessage) internal pure returns (uint256) {\n        require(b <= a, errorMessage);\n        uint256 c = a - b;\n\n        return c;\n    }\n\n    /**\n     * @dev Returns the multiplication of two unsigned integers, reverting on\n     * overflow.\n     *\n     * Counterpart to Solidity's `*` operator.\n     *\n     * Requirements:\n     *\n     * - Multiplication cannot overflow.\n     */\n    function mul(uint256 a, uint256 b) internal pure returns (uint256) {\n        // Gas optimization: this is cheaper than requiring 'a' not being zero, but the\n        // benefit is lost if 'b' is also tested.\n        // See: https://github.com/OpenZeppelin/openzeppelin-contracts/pull/522\n        if (a == 0) {\n            return 0;\n        }\n\n        uint256 c = a * b;\n        require(c / a == b, \"SafeMath: multiplication overflow\");\n\n        return c;\n    }\n\n    /**\n     * @dev Returns the integer division of two unsigned integers. Reverts on\n     * division by zero. The result is rounded towards zero.\n     *\n     * Counterpart to Solidity's `/` operator. Note: this function uses a\n     * `revert` opcode (which leaves remaining gas untouched) while Solidity\n     * uses an invalid opcode to revert (consuming all remaining gas).\n     *\n     * Requirements:\n     *\n     * - The divisor cannot be zero.\n     */\n    function div(uint256 a, uint256 b) internal pure returns (uint256) {\n        return div(a, b, \"SafeMath: division by zero\");\n    }\n\n    /**\n     * @dev Returns the integer division of two unsigned integers. Reverts with custom message on\n     * division by zero. The result is rounded towards zero.\n     *\n     * Counterpart to Solidity's `/` operator. Note: this function uses a\n     * `revert` opcode (which leaves remaining gas untouched) while Solidity\n     * uses an invalid opcode to revert (consuming all remaining gas).\n     *\n     * Requirements:\n     *\n     * - The divisor cannot be zero.\n     */\n    function div(uint256 a, uint256 b, string memory errorMessage) internal pure returns (uint256) {\n        require(b > 0, errorMessage);\n        uint256 c = a / b;\n        // assert(a == b * c + a % b); // There is no case in which this doesn't hold\n\n        return c;\n    }\n\n    /**\n     * @dev Returns the remainder of dividing two unsigned integers. (unsigned integer modulo),\n     * Reverts when dividing by zero.\n     *\n     * Counterpart to Solidity's `%` operator. This function uses a `revert`\n     * opcode (which leaves remaining gas untouched) while Solidity uses an\n     * invalid opcode to revert (consuming all remaining gas).\n     *\n     * Requirements:\n     *\n     * - The divisor cannot be zero.\n     */\n    function mod(uint256 a, uint256 b) internal pure returns (uint256) {\n        return mod(a, b, \"SafeMath: modulo by zero\");\n    }\n\n    /**\n     * @dev Returns the remainder of dividing two unsigned integers. (unsigned integer modulo),\n     * Reverts with custom message when dividing by zero.\n     *\n     * Counterpart to Solidity's `%` operator. This function uses a `revert`\n     * opcode (which leaves remaining gas untouched) while Solidity uses an\n     * invalid opcode to revert (consuming all remaining gas).\n     *\n     * Requirements:\n     *\n     * - The divisor cannot be zero.\n     */\n    function mod(uint256 a, uint256 b, string memory errorMessage) internal pure returns (uint256) {\n        require(b != 0, errorMessage);\n        return a % b;\n    }\n}\n"
    },
    "@openzeppelin/contracts/token/ERC20/IERC20.sol": {
      "content": "// SPDX-License-Identifier: MIT\n\npragma solidity ^0.6.0;\n\n/**\n * @dev Interface of the ERC20 standard as defined in the EIP.\n */\ninterface IERC20 {\n    /**\n     * @dev Returns the amount of tokens in existence.\n     */\n    function totalSupply() external view returns (uint256);\n\n    /**\n     * @dev Returns the amount of tokens owned by `account`.\n     */\n    function balanceOf(address account) external view returns (uint256);\n\n    /**\n     * @dev Moves `amount` tokens from the caller's account to `recipient`.\n     *\n     * Returns a boolean value indicating whether the operation succeeded.\n     *\n     * Emits a {Transfer} event.\n     */\n    function transfer(address recipient, uint256 amount) external returns (bool);\n\n    /**\n     * @dev Returns the remaining number of tokens that `spender` will be\n     * allowed to spend on behalf of `owner` through {transferFrom}. This is\n     * zero by default.\n     *\n     * This value changes when {approve} or {transferFrom} are called.\n     */\n    function allowance(address owner, address spender) external view returns (uint256);\n\n    /**\n     * @dev Sets `amount` as the allowance of `spender` over the caller's tokens.\n     *\n     * Returns a boolean value indicating whether the operation succeeded.\n     *\n     * IMPORTANT: Beware that changing an allowance with this method brings the risk\n     * that someone may use both the old and the new allowance by unfortunate\n     * transaction ordering. One possible solution to mitigate this race\n     * condition is to first reduce the spender's allowance to 0 and set the\n     * desired value afterwards:\n     * https://github.com/ethereum/EIPs/issues/20#issuecomment-263524729\n     *\n     * Emits an {Approval} event.\n     */\n    function approve(address spender, uint256 amount) external returns (bool);\n\n    /**\n     * @dev Moves `amount` tokens from `sender` to `recipient` using the\n     * allowance mechanism. `amount` is then deducted from the caller's\n     * allowance.\n     *\n     * Returns a boolean value indicating whether the operation succeeded.\n     *\n     * Emits a {Transfer} event.\n     */\n    function transferFrom(address sender, address recipient, uint256 amount) external returns (bool);\n\n    /**\n     * @dev Emitted when `value` tokens are moved from one account (`from`) to\n     * another (`to`).\n     *\n     * Note that `value` may be zero.\n     */\n    event Transfer(address indexed from, address indexed to, uint256 value);\n\n    /**\n     * @dev Emitted when the allowance of a `spender` for an `owner` is set by\n     * a call to {approve}. `value` is the new allowance.\n     */\n    event Approval(address indexed owner, address indexed spender, uint256 value);\n}\n"
    },
    "@openzeppelin/contracts/token/ERC20/SafeERC20.sol": {
      "content": "// SPDX-License-Identifier: MIT\n\npragma solidity ^0.6.0;\n\nimport \"./IERC20.sol\";\nimport \"../../math/SafeMath.sol\";\nimport \"../../utils/Address.sol\";\n\n/**\n * @title SafeERC20\n * @dev Wrappers around ERC20 operations that throw on failure (when the token\n * contract returns false). Tokens that return no value (and instead revert or\n * throw on failure) are also supported, non-reverting calls are assumed to be\n * successful.\n * To use this library you can add a `using SafeERC20 for IERC20;` statement to your contract,\n * which allows you to call the safe operations as `token.safeTransfer(...)`, etc.\n */\nlibrary SafeERC20 {\n    using SafeMath for uint256;\n    using Address for address;\n\n    function safeTransfer(IERC20 token, address to, uint256 value) internal {\n        _callOptionalReturn(token, abi.encodeWithSelector(token.transfer.selector, to, value));\n    }\n\n    function safeTransferFrom(IERC20 token, address from, address to, uint256 value) internal {\n        _callOptionalReturn(token, abi.encodeWithSelector(token.transferFrom.selector, from, to, value));\n    }\n\n    /**\n     * @dev Deprecated. This function has issues similar to the ones found in\n     * {IERC20-approve}, and its usage is discouraged.\n     *\n     * Whenever possible, use {safeIncreaseAllowance} and\n     * {safeDecreaseAllowance} instead.\n     */\n    function safeApprove(IERC20 token, address spender, uint256 value) internal {\n        // safeApprove should only be called when setting an initial allowance,\n        // or when resetting it to zero. To increase and decrease it, use\n        // 'safeIncreaseAllowance' and 'safeDecreaseAllowance'\n        // solhint-disable-next-line max-line-length\n        require((value == 0) || (token.allowance(address(this), spender) == 0),\n            \"SafeERC20: approve from non-zero to non-zero allowance\"\n        );\n        _callOptionalReturn(token, abi.encodeWithSelector(token.approve.selector, spender, value));\n    }\n\n    function safeIncreaseAllowance(IERC20 token, address spender, uint256 value) internal {\n        uint256 newAllowance = token.allowance(address(this), spender).add(value);\n        _callOptionalReturn(token, abi.encodeWithSelector(token.approve.selector, spender, newAllowance));\n    }\n\n    function safeDecreaseAllowance(IERC20 token, address spender, uint256 value) internal {\n        uint256 newAllowance = token.allowance(address(this), spender).sub(value, \"SafeERC20: decreased allowance below zero\");\n        _callOptionalReturn(token, abi.encodeWithSelector(token.approve.selector, spender, newAllowance));\n    }\n\n    /**\n     * @dev Imitates a Solidity high-level call (i.e. a regular function call to a contract), relaxing the requirement\n     * on the return value: the return value is optional (but if data is returned, it must not be false).\n     * @param token The token targeted by the call.\n     * @param data The call data (encoded using abi.encode or one of its variants).\n     */\n    function _callOptionalReturn(IERC20 token, bytes memory data) private {\n        // We need to perform a low level call here, to bypass Solidity's return data size checking mechanism, since\n        // we're implementing it ourselves. We use {Address.functionCall} to perform this call, which verifies that\n        // the target address contains contract code and also asserts for success in the low-level call.\n\n        bytes memory returndata = address(token).functionCall(data, \"SafeERC20: low-level call failed\");\n        if (returndata.length > 0) { // Return data is optional\n            // solhint-disable-next-line max-line-length\n            require(abi.decode(returndata, (bool)), \"SafeERC20: ERC20 operation did not succeed\");\n        }\n    }\n}\n"
    },
    "@openzeppelin/contracts/utils/Address.sol": {
      "content": "// SPDX-License-Identifier: MIT\n\npragma solidity ^0.6.2;\n\n/**\n * @dev Collection of functions related to the address type\n */\nlibrary Address {\n    /**\n     * @dev Returns true if `account` is a contract.\n     *\n     * [IMPORTANT]\n     * ====\n     * It is unsafe to assume that an address for which this function returns\n     * false is an externally-owned account (EOA) and not a contract.\n     *\n     * Among others, `isContract` will return false for the following\n     * types of addresses:\n     *\n     *  - an externally-owned account\n     *  - a contract in construction\n     *  - an address where a contract will be created\n     *  - an address where a contract lived, but was destroyed\n     * ====\n     */\n    function isContract(address account) internal view returns (bool) {\n        // According to EIP-1052, 0x0 is the value returned for not-yet created accounts\n        // and 0xc5d2460186f7233c927e7db2dcc703c0e500b653ca82273b7bfad8045d85a470 is returned\n        // for accounts without code, i.e. `keccak256('')`\n        bytes32 codehash;\n        bytes32 accountHash = 0xc5d2460186f7233c927e7db2dcc703c0e500b653ca82273b7bfad8045d85a470;\n        // solhint-disable-next-line no-inline-assembly\n        assembly { codehash := extcodehash(account) }\n        return (codehash != accountHash && codehash != 0x0);\n    }\n\n    /**\n     * @dev Replacement for Solidity's `transfer`: sends `amount` wei to\n     * `recipient`, forwarding all available gas and reverting on errors.\n     *\n     * https://eips.ethereum.org/EIPS/eip-1884[EIP1884] increases the gas cost\n     * of certain opcodes, possibly making contracts go over the 2300 gas limit\n     * imposed by `transfer`, making them unable to receive funds via\n     * `transfer`. {sendValue} removes this limitation.\n     *\n     * https://diligence.consensys.net/posts/2019/09/stop-using-soliditys-transfer-now/[Learn more].\n     *\n     * IMPORTANT: because control is transferred to `recipient`, care must be\n     * taken to not create reentrancy vulnerabilities. Consider using\n     * {ReentrancyGuard} or the\n     * https://solidity.readthedocs.io/en/v0.5.11/security-considerations.html#use-the-checks-effects-interactions-pattern[checks-effects-interactions pattern].\n     */\n    function sendValue(address payable recipient, uint256 amount) internal {\n        require(address(this).balance >= amount, \"Address: insufficient balance\");\n\n        // solhint-disable-next-line avoid-low-level-calls, avoid-call-value\n        (bool success, ) = recipient.call{ value: amount }(\"\");\n        require(success, \"Address: unable to send value, recipient may have reverted\");\n    }\n\n    /**\n     * @dev Performs a Solidity function call using a low level `call`. A\n     * plain`call` is an unsafe replacement for a function call: use this\n     * function instead.\n     *\n     * If `target` reverts with a revert reason, it is bubbled up by this\n     * function (like regular Solidity function calls).\n     *\n     * Returns the raw returned data. To convert to the expected return value,\n     * use https://solidity.readthedocs.io/en/latest/units-and-global-variables.html?highlight=abi.decode#abi-encoding-and-decoding-functions[`abi.decode`].\n     *\n     * Requirements:\n     *\n     * - `target` must be a contract.\n     * - calling `target` with `data` must not revert.\n     *\n     * _Available since v3.1._\n     */\n    function functionCall(address target, bytes memory data) internal returns (bytes memory) {\n      return functionCall(target, data, \"Address: low-level call failed\");\n    }\n\n    /**\n     * @dev Same as {xref-Address-functionCall-address-bytes-}[`functionCall`], but with\n     * `errorMessage` as a fallback revert reason when `target` reverts.\n     *\n     * _Available since v3.1._\n     */\n    function functionCall(address target, bytes memory data, string memory errorMessage) internal returns (bytes memory) {\n        return _functionCallWithValue(target, data, 0, errorMessage);\n    }\n\n    /**\n     * @dev Same as {xref-Address-functionCall-address-bytes-}[`functionCall`],\n     * but also transferring `value` wei to `target`.\n     *\n     * Requirements:\n     *\n     * - the calling contract must have an ETH balance of at least `value`.\n     * - the called Solidity function must be `payable`.\n     *\n     * _Available since v3.1._\n     */\n    function functionCallWithValue(address target, bytes memory data, uint256 value) internal returns (bytes memory) {\n        return functionCallWithValue(target, data, value, \"Address: low-level call with value failed\");\n    }\n\n    /**\n     * @dev Same as {xref-Address-functionCallWithValue-address-bytes-uint256-}[`functionCallWithValue`], but\n     * with `errorMessage` as a fallback revert reason when `target` reverts.\n     *\n     * _Available since v3.1._\n     */\n    function functionCallWithValue(address target, bytes memory data, uint256 value, string memory errorMessage) internal returns (bytes memory) {\n        require(address(this).balance >= value, \"Address: insufficient balance for call\");\n        return _functionCallWithValue(target, data, value, errorMessage);\n    }\n\n    function _functionCallWithValue(address target, bytes memory data, uint256 weiValue, string memory errorMessage) private returns (bytes memory) {\n        require(isContract(target), \"Address: call to non-contract\");\n\n        // solhint-disable-next-line avoid-low-level-calls\n        (bool success, bytes memory returndata) = target.call{ value: weiValue }(data);\n        if (success) {\n            return returndata;\n        } else {\n            // Look for revert reason and bubble it up if present\n            if (returndata.length > 0) {\n                // The easiest way to bubble the revert reason is using memory via assembly\n\n                // solhint-disable-next-line no-inline-assembly\n                assembly {\n                    let returndata_size := mload(returndata)\n                    revert(add(32, returndata), returndata_size)\n                }\n            } else {\n                revert(errorMessage);\n            }\n        }\n    }\n}\n"
    },
    "contracts/interfaces/IERC20.sol": {
      "content": "// SPDX-License-Identifier: GPL-3.0\n\npragma solidity >=0.5.0;\n\ninterface IERC20Uniswap {\n    event Approval(address indexed owner, address indexed spender, uint value);\n    event Transfer(address indexed from, address indexed to, uint value);\n\n    function name() external view returns (string memory);\n    function symbol() external view returns (string memory);\n    function decimals() external view returns (uint8);\n    function totalSupply() external view returns (uint);\n    function balanceOf(address owner) external view returns (uint);\n    function allowance(address owner, address spender) external view returns (uint);\n\n    function approve(address spender, uint value) external returns (bool);\n    function transfer(address to, uint value) external returns (bool);\n    function transferFrom(address from, address to, uint value) external returns (bool);\n}\n"
    },
    "contracts/interfaces/IUniswapV2Callee.sol": {
      "content": "// SPDX-License-Identifier: GPL-3.0\n\npragma solidity >=0.5.0;\n\ninterface IUniswapV2Callee {\n    function uniswapV2Call(address sender, uint amount0, uint amount1, bytes calldata data) external;\n}\n"
    },
    "contracts/interfaces/IUniswapV2Factory.sol": {
      "content": "// SPDX-License-Identifier: GPL-3.0\n\npragma solidity >=0.5.0;\n\ninterface IUniswapV2Factory {\n    event PairCreated(address indexed token0, address indexed token1, address pair, uint);\n\n    function feeTo() external view returns (address);\n    function feeToSetter() external view returns (address);\n    function migrator() external view returns (address);\n\n    function getPair(address tokenA, address tokenB) external view returns (address pair);\n    function allPairs(uint) external view returns (address pair);\n    function allPairsLength() external view returns (uint);\n\n    function createPair(address tokenA, address tokenB) external returns (address pair);\n\n    function setFeeTo(address) external;\n    function setFeeToSetter(address) external;\n    function setMigrator(address) external;\n}\n"
    },
    "contracts/interfaces/IUniswapV2Pair.sol": {
      "content": "// SPDX-License-Identifier: GPL-3.0\n\npragma solidity >=0.5.0;\n\ninterface IUniswapV2Pair {\n    event Approval(address indexed owner, address indexed spender, uint value);\n    event Transfer(address indexed from, address indexed to, uint value);\n\n    function name() external pure returns (string memory);\n    function symbol() external pure returns (string memory);\n    function decimals() external pure returns (uint8);\n    function totalSupply() external view returns (uint);\n    function balanceOf(address owner) external view returns (uint);\n    function allowance(address owner, address spender) external view returns (uint);\n\n    function approve(address spender, uint value) external returns (bool);\n    function transfer(address to, uint value) external returns (bool);\n    function transferFrom(address from, address to, uint value) external returns (bool);\n\n    function DOMAIN_SEPARATOR() external view returns (bytes32);\n    function PERMIT_TYPEHASH() external pure returns (bytes32);\n    function nonces(address owner) external view returns (uint);\n\n    function permit(address owner, address spender, uint value, uint deadline, uint8 v, bytes32 r, bytes32 s) external;\n\n    event Mint(address indexed sender, uint amount0, uint amount1);\n    event Burn(address indexed sender, uint amount0, uint amount1, address indexed to);\n    event Swap(\n        address indexed sender,\n        uint amount0In,\n        uint amount1In,\n        uint amount0Out,\n        uint amount1Out,\n        address indexed to\n    );\n    event Sync(uint112 reserve0, uint112 reserve1);\n\n    function MINIMUM_LIQUIDITY() external pure returns (uint);\n    function factory() external view returns (address);\n    function token0() external view returns (address);\n    function token1() external view returns (address);\n    function getReserves() external view returns (uint112 reserve0, uint112 reserve1, uint32 blockTimestampLast);\n    function price0CumulativeLast() external view returns (uint);\n    function price1CumulativeLast() external view returns (uint);\n    function kLast() external view returns (uint);\n\n    function mint(address to) external returns (uint liquidity);\n    function burn(address to) external returns (uint amount0, uint amount1);\n    function swap(uint amount0Out, uint amount1Out, address to, bytes calldata data) external;\n    function skim(address to) external;\n    function sync() external;\n\n    function initialize(address, address) external;\n}"
    },
    "contracts/interfaces/IUniswapV2Router01.sol": {
      "content": "// SPDX-License-Identifier: GPL-3.0\n\npragma solidity >=0.6.2;\n\ninterface IUniswapV2Router01 {\n    function factory() external pure returns (address);\n    function WETH() external pure returns (address);\n\n    function addLiquidity(\n        address tokenA,\n        address tokenB,\n        uint amountADesired,\n        uint amountBDesired,\n        uint amountAMin,\n        uint amountBMin,\n        address to,\n        uint deadline\n    ) external returns (uint amountA, uint amountB, uint liquidity);\n    function addLiquidityETH(\n        address token,\n        uint amountTokenDesired,\n        uint amountTokenMin,\n        uint amountETHMin,\n        address to,\n        uint deadline\n    ) external payable returns (uint amountToken, uint amountETH, uint liquidity);\n    function removeLiquidity(\n        address tokenA,\n        address tokenB,\n        uint liquidity,\n        uint amountAMin,\n        uint amountBMin,\n        address to,\n        uint deadline\n    ) external returns (uint amountA, uint amountB);\n    function removeLiquidityETH(\n        address token,\n        uint liquidity,\n        uint amountTokenMin,\n        uint amountETHMin,\n        address to,\n        uint deadline\n    ) external returns (uint amountToken, uint amountETH);\n    function removeLiquidityWithPermit(\n        address tokenA,\n        address tokenB,\n        uint liquidity,\n        uint amountAMin,\n        uint amountBMin,\n        address to,\n        uint deadline,\n        bool approveMax, uint8 v, bytes32 r, bytes32 s\n    ) external returns (uint amountA, uint amountB);\n    function removeLiquidityETHWithPermit(\n        address token,\n        uint liquidity,\n        uint amountTokenMin,\n        uint amountETHMin,\n        address to,\n        uint deadline,\n        bool approveMax, uint8 v, bytes32 r, bytes32 s\n    ) external returns (uint amountToken, uint amountETH);\n    function swapExactTokensForTokens(\n        uint amountIn,\n        uint amountOutMin,\n        address[] calldata path,\n        address to,\n        uint deadline\n    ) external returns (uint[] memory amounts);\n    function swapTokensForExactTokens(\n        uint amountOut,\n        uint amountInMax,\n        address[] calldata path,\n        address to,\n        uint deadline\n    ) external returns (uint[] memory amounts);\n    function swapExactETHForTokens(uint amountOutMin, address[] calldata path, address to, uint deadline)\n        external\n        payable\n        returns (uint[] memory amounts);\n    function swapTokensForExactETH(uint amountOut, uint amountInMax, address[] calldata path, address to, uint deadline)\n        external\n        returns (uint[] memory amounts);\n    function swapExactTokensForETH(uint amountIn, uint amountOutMin, address[] calldata path, address to, uint deadline)\n        external\n        returns (uint[] memory amounts);\n    function swapETHForExactTokens(uint amountOut, address[] calldata path, address to, uint deadline)\n        external\n        payable\n        returns (uint[] memory amounts);\n\n    function quote(uint amountA, uint reserveA, uint reserveB) external pure returns (uint amountB);\n    function getAmountOut(uint amountIn, uint reserveIn, uint reserveOut) external pure returns (uint amountOut);\n    function getAmountIn(uint amountOut, uint reserveIn, uint reserveOut) external pure returns (uint amountIn);\n    function getAmountsOut(uint amountIn, address[] calldata path) external view returns (uint[] memory amounts);\n    function getAmountsIn(uint amountOut, address[] calldata path) external view returns (uint[] memory amounts);\n}"
    },
    "contracts/interfaces/IUniswapV2Router02.sol": {
      "content": "// SPDX-License-Identifier: GPL-3.0\n\npragma solidity >=0.6.2;\n\nimport './IUniswapV2Router01.sol';\n\ninterface IUniswapV2Router02 is IUniswapV2Router01 {\n    function removeLiquidityETHSupportingFeeOnTransferTokens(\n        address token,\n        uint liquidity,\n        uint amountTokenMin,\n        uint amountETHMin,\n        address to,\n        uint deadline\n    ) external returns (uint amountETH);\n    function removeLiquidityETHWithPermitSupportingFeeOnTransferTokens(\n        address token,\n        uint liquidity,\n        uint amountTokenMin,\n        uint amountETHMin,\n        address to,\n        uint deadline,\n        bool approveMax, uint8 v, bytes32 r, bytes32 s\n    ) external returns (uint amountETH);\n\n    function swapExactTokensForTokensSupportingFeeOnTransferTokens(\n        uint amountIn,\n        uint amountOutMin,\n        address[] calldata path,\n        address to,\n        uint deadline\n    ) external;\n    function swapExactETHForTokensSupportingFeeOnTransferTokens(\n        uint amountOutMin,\n        address[] calldata path,\n        address to,\n        uint deadline\n    ) external payable;\n    function swapExactTokensForETHSupportingFeeOnTransferTokens(\n        uint amountIn,\n        uint amountOutMin,\n        address[] calldata path,\n        address to,\n        uint deadline\n    ) external;\n}"
    },
    "contracts/interfaces/IWETH.sol": {
      "content": "// SPDX-License-Identifier: GPL-3.0\n\npragma solidity >=0.5.0;\n\ninterface IWETH {\n    function deposit() external payable;\n    function transfer(address to, uint value) external returns (bool);\n    function withdraw(uint) external;\n}"
    },
    "contracts/libraries/Math.sol": {
      "content": "// SPDX-License-Identifier: GPL-3.0\n\npragma solidity =0.6.12;\n\n// a library for performing various math operations\n\nlibrary Math {\n    function min(uint x, uint y) internal pure returns (uint z) {\n        z = x < y ? x : y;\n    }\n\n    // babylonian method (https://en.wikipedia.org/wiki/Methods_of_computing_square_roots#Babylonian_method)\n    function sqrt(uint y) internal pure returns (uint z) {\n        if (y > 3) {\n            z = y;\n            uint x = y / 2 + 1;\n            while (x < z) {\n                z = x;\n                x = (y / x + x) / 2;\n            }\n        } else if (y != 0) {\n            z = 1;\n        }\n    }\n}\n"
    },
    "contracts/libraries/SafeMath.sol": {
      "content": "// SPDX-License-Identifier: GPL-3.0\n\npragma solidity =0.6.12;\n\n// a library for performing overflow-safe math, courtesy of DappHub (https://github.com/dapphub/ds-math)\n\nlibrary SafeMathUniswap {\n    function add(uint x, uint y) internal pure returns (uint z) {\n        require((z = x + y) >= x, 'ds-math-add-overflow');\n    }\n\n    function sub(uint x, uint y) internal pure returns (uint z) {\n        require((z = x - y) <= x, 'ds-math-sub-underflow');\n    }\n\n    function mul(uint x, uint y) internal pure returns (uint z) {\n        require(y == 0 || (z = x * y) / y == x, 'ds-math-mul-overflow');\n    }\n}\n"
    },
    "contracts/libraries/TransferHelper.sol": {
      "content": "// SPDX-License-Identifier: GPL-3.0\n\npragma solidity >=0.6.0;\n\n// helper methods for interacting with ERC20 tokens and sending ETH that do not consistently return true/false\nlibrary TransferHelper {\n    function safeApprove(address token, address to, uint value) internal {\n        // bytes4(keccak256(bytes('approve(address,uint256)')));\n        (bool success, bytes memory data) = token.call(abi.encodeWithSelector(0x095ea7b3, to, value));\n        require(success && (data.length == 0 || abi.decode(data, (bool))), 'TransferHelper: APPROVE_FAILED');\n    }\n\n    function safeTransfer(address token, address to, uint value) internal {\n        // bytes4(keccak256(bytes('transfer(address,uint256)')));\n        (bool success, bytes memory data) = token.call(abi.encodeWithSelector(0xa9059cbb, to, value));\n        require(success && (data.length == 0 || abi.decode(data, (bool))), 'TransferHelper: TRANSFER_FAILED');\n    }\n\n    function safeTransferFrom(address token, address from, address to, uint value) internal {\n        // bytes4(keccak256(bytes('transferFrom(address,address,uint256)')));\n        (bool success, bytes memory data) = token.call(abi.encodeWithSelector(0x23b872dd, from, to, value));\n        require(success && (data.length == 0 || abi.decode(data, (bool))), 'TransferHelper: TRANSFER_FROM_FAILED');\n    }\n\n    function safeTransferETH(address to, uint value) internal {\n        (bool success,) = to.call{value:value}(new bytes(0));\n        require(success, 'TransferHelper: ETH_TRANSFER_FAILED');\n    }\n}\n"
    },
    "contracts/libraries/UniswapV2Library.sol": {
      "content": "// SPDX-License-Identifier: GPL-3.0\n\npragma solidity >=0.5.0;\n\nimport '../interfaces/IUniswapV2Pair.sol';\n\nimport \"./SafeMath.sol\";\n\nlibrary UniswapV2Library {\n    using SafeMathUniswap for uint;\n\n    // returns sorted token addresses, used to handle return values from pairs sorted in this order\n    function sortTokens(address tokenA, address tokenB) internal pure returns (address token0, address token1) {\n        require(tokenA != tokenB, 'UniswapV2Library: IDENTICAL_ADDRESSES');\n        (token0, token1) = tokenA < tokenB ? (tokenA, tokenB) : (tokenB, tokenA);\n        require(token0 != address(0), 'UniswapV2Library: ZERO_ADDRESS');\n    }\n\n    // calculates the CREATE2 address for a pair without making any external calls\n    function pairFor(address factory, address tokenA, address tokenB) internal pure returns (address pair) {\n        (address token0, address token1) = sortTokens(tokenA, tokenB);\n        pair = address(uint(keccak256(abi.encodePacked(\n                hex'ff',\n                factory,\n                keccak256(abi.encodePacked(token0, token1)),\n                hex'e18a34eb0e04b04f7a0ac29a6e80748dca96319b42c54d679cb821dca90c6303' // init code hash\n            ))));\n    }\n\n    // fetches and sorts the reserves for a pair\n    function getReserves(address factory, address tokenA, address tokenB) internal view returns (uint reserveA, uint reserveB) {\n        (address token0,) = sortTokens(tokenA, tokenB);\n        (uint reserve0, uint reserve1,) = IUniswapV2Pair(pairFor(factory, tokenA, tokenB)).getReserves();\n        (reserveA, reserveB) = tokenA == token0 ? (reserve0, reserve1) : (reserve1, reserve0);\n    }\n\n    // given some amount of an asset and pair reserves, returns an equivalent amount of the other asset\n    function quote(uint amountA, uint reserveA, uint reserveB) internal pure returns (uint amountB) {\n        require(amountA > 0, 'UniswapV2Library: INSUFFICIENT_AMOUNT');\n        require(reserveA > 0 && reserveB > 0, 'UniswapV2Library: INSUFFICIENT_LIQUIDITY');\n        amountB = amountA.mul(reserveB) / reserveA;\n    }\n\n    // given an input amount of an asset and pair reserves, returns the maximum output amount of the other asset\n    function getAmountOut(uint amountIn, uint reserveIn, uint reserveOut) internal pure returns (uint amountOut) {\n        require(amountIn > 0, 'UniswapV2Library: INSUFFICIENT_INPUT_AMOUNT');\n        require(reserveIn > 0 && reserveOut > 0, 'UniswapV2Library: INSUFFICIENT_LIQUIDITY');\n        uint amountInWithFee = amountIn.mul(997);\n        uint numerator = amountInWithFee.mul(reserveOut);\n        uint denominator = reserveIn.mul(1000).add(amountInWithFee);\n        amountOut = numerator / denominator;\n    }\n\n    // given an output amount of an asset and pair reserves, returns a required input amount of the other asset\n    function getAmountIn(uint amountOut, uint reserveIn, uint reserveOut) internal pure returns (uint amountIn) {\n        require(amountOut > 0, 'UniswapV2Library: INSUFFICIENT_OUTPUT_AMOUNT');\n        require(reserveIn > 0 && reserveOut > 0, 'UniswapV2Library: INSUFFICIENT_LIQUIDITY');\n        uint numerator = reserveIn.mul(amountOut).mul(1000);\n        uint denominator = reserveOut.sub(amountOut).mul(997);\n        amountIn = (numerator / denominator).add(1);\n    }\n\n    // performs chained getAmountOut calculations on any number of pairs\n    function getAmountsOut(address factory, uint amountIn, address[] memory path) internal view returns (uint[] memory amounts) {\n        require(path.length >= 2, 'UniswapV2Library: INVALID_PATH');\n        amounts = new uint[](path.length);\n        amounts[0] = amountIn;\n        for (uint i; i < path.length - 1; i++) {\n            (uint reserveIn, uint reserveOut) = getReserves(factory, path[i], path[i + 1]);\n            amounts[i + 1] = getAmountOut(amounts[i], reserveIn, reserveOut);\n        }\n    }\n\n    // performs chained getAmountIn calculations on any number of pairs\n    function getAmountsIn(address factory, uint amountOut, address[] memory path) internal view returns (uint[] memory amounts) {\n        require(path.length >= 2, 'UniswapV2Library: INVALID_PATH');\n        amounts = new uint[](path.length);\n        amounts[amounts.length - 1] = amountOut;\n        for (uint i = path.length - 1; i > 0; i--) {\n            (uint reserveIn, uint reserveOut) = getReserves(factory, path[i - 1], path[i]);\n            amounts[i - 1] = getAmountIn(amounts[i], reserveIn, reserveOut);\n        }\n    }\n}\n"
    },
    "contracts/libraries/UQ112x112.sol": {
      "content": "// SPDX-License-Identifier: GPL-3.0\n\npragma solidity =0.6.12;\n\n// a library for handling binary fixed point numbers (https://en.wikipedia.org/wiki/Q_(number_format))\n\n// range: [0, 2**112 - 1]\n// resolution: 1 / 2**112\n\nlibrary UQ112x112 {\n    uint224 constant Q112 = 2**112;\n\n    // encode a uint112 as a UQ112x112\n    function encode(uint112 y) internal pure returns (uint224 z) {\n        z = uint224(y) * Q112; // never overflows\n    }\n\n    // divide a UQ112x112 by a uint112, returning a UQ112x112\n    function uqdiv(uint224 x, uint112 y) internal pure returns (uint224 z) {\n        z = x / uint224(y);\n    }\n}\n"
    },
    "contracts/mocks/SushiSwapFactory.sol": {
      "content": "// SPDX-License-Identifier: MIT\n\npragma solidity >=0.6.12;\n\nimport \"../UniswapV2Factory.sol\";\n\ncontract SushiSwapFactory is UniswapV2Factory {\n    constructor() public UniswapV2Factory(msg.sender) {}\n}"
    },
    "contracts/mocks/SushiSwapPair.sol": {
      "content": "// SPDX-License-Identifier: MIT\n\npragma solidity >=0.6.12;\n\nimport \"../UniswapV2Pair.sol\";\n\ncontract SushiSwapPair is UniswapV2Pair {\n    constructor() public UniswapV2Pair() {}\n}"
    },
    "contracts/SushiRoll.sol": {
      "content": "// SPDX-License-Identifier: MIT\n\npragma solidity 0.6.12;\n\nimport '@openzeppelin/contracts/token/ERC20/IERC20.sol';\nimport '@openzeppelin/contracts/token/ERC20/SafeERC20.sol';\nimport './interfaces/IUniswapV2Pair.sol';\nimport './interfaces/IUniswapV2Router01.sol';\nimport './interfaces/IUniswapV2Factory.sol';\nimport './libraries/UniswapV2Library.sol';\n\n// SushiRoll helps your migrate your existing Uniswap LP tokens to SushiSwap LP ones\ncontract SushiRoll {\n  using SafeERC20 for IERC20;\n\n  IUniswapV2Router01 public oldRouter;\n  IUniswapV2Router01 public router;\n\n  constructor(IUniswapV2Router01 _oldRouter, IUniswapV2Router01 _router) public {\n    oldRouter = _oldRouter;\n    router = _router;\n  }\n\n  function migrateWithPermit(\n    address tokenA,\n    address tokenB,\n    uint256 liquidity,\n    uint256 amountADesired,\n    uint256 amountBDesired,\n    uint256 amountAMin,\n    uint256 amountBMin,\n    uint256 deadline,\n    uint8 v,\n    bytes32 r,\n    bytes32 s\n  ) public {\n    IUniswapV2Pair pair = IUniswapV2Pair(pairForOldRouter(tokenA, tokenB));\n    pair.permit(msg.sender, address(this), liquidity, deadline, v, r, s);\n\n    migrate(tokenA, tokenB, liquidity, amountADesired, amountBDesired, amountAMin, amountBMin, deadline);\n  }\n\n  // msg.sender should have approved 'liquidity' amount of LP token of 'tokenA' and 'tokenB'\n  function migrate(\n    address tokenA,\n    address tokenB,\n    uint256 liquidity,\n    uint256 amountADesired,\n    uint256 amountBDesired,\n    uint256 amountAMin,\n    uint256 amountBMin,\n    uint256 deadline\n  ) public {\n    require(deadline >= block.timestamp, 'SushiSwap: EXPIRED');\n\n    // Remove liquidity from the old router with permit\n    (uint256 amountA, uint256 amountB) = removeLiquidity(tokenA, tokenB, liquidity, amountAMin, amountBMin);\n\n    // Add liquidity to the new router\n    (uint256 pooledAmountA, uint256 pooledAmountB) = _addLiquidity(\n      tokenA,\n      tokenB,\n      amountADesired,\n      amountBDesired,\n      amountAMin,\n      amountBMin\n    );\n\n    // Send remaining tokens to msg.sender\n    if (amountA > pooledAmountA) {\n      IERC20(tokenA).safeTransfer(msg.sender, amountA - pooledAmountA);\n    }\n    if (amountB > pooledAmountB) {\n      IERC20(tokenB).safeTransfer(msg.sender, amountB - pooledAmountB);\n    }\n  }\n\n  function removeLiquidity(\n    address tokenA,\n    address tokenB,\n    uint256 liquidity,\n    uint256 amountAMin,\n    uint256 amountBMin\n  ) internal returns (uint256 amountA, uint256 amountB) {\n    IUniswapV2Pair pair = IUniswapV2Pair(pairForOldRouter(tokenA, tokenB));\n    pair.transferFrom(msg.sender, address(pair), liquidity);\n    (uint256 amount0, uint256 amount1) = pair.burn(address(this));\n    (address token0, ) = UniswapV2Library.sortTokens(tokenA, tokenB);\n    (amountA, amountB) = tokenA == token0 ? (amount0, amount1) : (amount1, amount0);\n    require(amountA >= amountAMin, 'SushiRoll: INSUFFICIENT_A_AMOUNT');\n    require(amountB >= amountBMin, 'SushiRoll: INSUFFICIENT_B_AMOUNT');\n  }\n\n  // calculates the CREATE2 address for a pair without making any external calls\n  function pairForOldRouter(address tokenA, address tokenB) internal view returns (address pair) {\n    (address token0, address token1) = UniswapV2Library.sortTokens(tokenA, tokenB);\n    pair = address(\n      uint256(\n        keccak256(\n          abi.encodePacked(\n            hex'ff',\n            oldRouter.factory(),\n            keccak256(abi.encodePacked(token0, token1)),\n            hex'96e8ac4277198ff8b6f785478aa9a39f403cb768dd02cbee326c3e7da348845f' // init code hash\n          )\n        )\n      )\n    );\n  }\n\n  function addLiquidity(\n    address tokenA,\n    address tokenB,\n    uint256 amountADesired,\n    uint256 amountBDesired,\n    uint256 amountAMin,\n    uint256 amountBMin,\n    address to,\n    uint256 deadline\n  )\n    internal\n    returns (\n      uint256 amountA,\n      uint256 amountB,\n      uint256 liquidity\n    )\n  {\n    require(deadline >= block.timestamp, 'SushiSwap: EXPIRED');\n    (amountA, amountB) = _addLiquidity(tokenA, tokenB, amountADesired, amountBDesired, amountAMin, amountBMin);\n    address pair = UniswapV2Library.pairFor(router.factory(), tokenA, tokenB);\n    IERC20(tokenA).safeTransferFrom(msg.sender, pair, amountA);\n    IERC20(tokenB).safeTransferFrom(msg.sender, pair, amountB);\n    liquidity = IUniswapV2Pair(pair).mint(to);\n  }\n\n  function _addLiquidity(\n    address tokenA,\n    address tokenB,\n    uint256 amountADesired,\n    uint256 amountBDesired,\n    uint256 amountAMin,\n    uint256 amountBMin\n  ) internal returns (uint256 amountA, uint256 amountB) {\n    // create the pair if it doesn't exist yet\n    IUniswapV2Factory factory = IUniswapV2Factory(router.factory());\n    if (factory.getPair(tokenA, tokenB) == address(0)) {\n      factory.createPair(tokenA, tokenB);\n    }\n    (uint256 reserveA, uint256 reserveB) = UniswapV2Library.getReserves(address(factory), tokenA, tokenB);\n    if (reserveA == 0 && reserveB == 0) {\n      (amountA, amountB) = (amountADesired, amountBDesired);\n    } else {\n      uint256 amountBOptimal = UniswapV2Library.quote(amountADesired, reserveA, reserveB);\n      if (amountBOptimal <= amountBDesired) {\n        require(amountBOptimal >= amountBMin, 'UniswapV2Router: INSUFFICIENT_B_AMOUNT');\n        (amountA, amountB) = (amountADesired, amountBOptimal);\n      } else {\n        uint256 amountAOptimal = UniswapV2Library.quote(amountBDesired, reserveB, reserveA);\n        assert(amountAOptimal <= amountADesired);\n        require(amountAOptimal >= amountAMin, 'UniswapV2Router: INSUFFICIENT_A_AMOUNT');\n        (amountA, amountB) = (amountAOptimal, amountBDesired);\n      }\n    }\n  }\n}\n"
    },
    "contracts/UniswapV2ERC20.sol": {
      "content": "// SPDX-License-Identifier: GPL-3.0\n\npragma solidity =0.6.12;\n\nimport './libraries/SafeMath.sol';\n\ncontract UniswapV2ERC20 {\n    using SafeMathUniswap for uint;\n\n    string public constant name = 'SushiSwap LP Token';\n    string public constant symbol = 'SLP';\n    uint8 public constant decimals = 18;\n    uint  public totalSupply;\n    mapping(address => uint) public balanceOf;\n    mapping(address => mapping(address => uint)) public allowance;\n\n    bytes32 public DOMAIN_SEPARATOR;\n    // keccak256(\"Permit(address owner,address spender,uint256 value,uint256 nonce,uint256 deadline)\");\n    bytes32 public constant PERMIT_TYPEHASH = 0x6e71edae12b1b97f4d1f60370fef10105fa2faae0126114a169c64845d6126c9;\n    mapping(address => uint) public nonces;\n\n    event Approval(address indexed owner, address indexed spender, uint value);\n    event Transfer(address indexed from, address indexed to, uint value);\n\n    constructor() public {\n        uint chainId;\n        assembly {\n            chainId := chainid()\n        }\n        DOMAIN_SEPARATOR = keccak256(\n            abi.encode(\n                keccak256('EIP712Domain(string name,string version,uint256 chainId,address verifyingContract)'),\n                keccak256(bytes(name)),\n                keccak256(bytes('1')),\n                chainId,\n                address(this)\n            )\n        );\n    }\n\n    function _mint(address to, uint value) internal {\n        totalSupply = totalSupply.add(value);\n        balanceOf[to] = balanceOf[to].add(value);\n        emit Transfer(address(0), to, value);\n    }\n\n    function _burn(address from, uint value) internal {\n        balanceOf[from] = balanceOf[from].sub(value);\n        totalSupply = totalSupply.sub(value);\n        emit Transfer(from, address(0), value);\n    }\n\n    function _approve(address owner, address spender, uint value) private {\n        allowance[owner][spender] = value;\n        emit Approval(owner, spender, value);\n    }\n\n    function _transfer(address from, address to, uint value) private {\n        balanceOf[from] = balanceOf[from].sub(value);\n        balanceOf[to] = balanceOf[to].add(value);\n        emit Transfer(from, to, value);\n    }\n\n    function approve(address spender, uint value) external returns (bool) {\n        _approve(msg.sender, spender, value);\n        return true;\n    }\n\n    function transfer(address to, uint value) external returns (bool) {\n        _transfer(msg.sender, to, value);\n        return true;\n    }\n\n    function transferFrom(address from, address to, uint value) external returns (bool) {\n        if (allowance[from][msg.sender] != uint(-1)) {\n            allowance[from][msg.sender] = allowance[from][msg.sender].sub(value);\n        }\n        _transfer(from, to, value);\n        return true;\n    }\n\n    function permit(address owner, address spender, uint value, uint deadline, uint8 v, bytes32 r, bytes32 s) external {\n        require(deadline >= block.timestamp, 'UniswapV2: EXPIRED');\n        bytes32 digest = keccak256(\n            abi.encodePacked(\n                '\\x19\\x01',\n                DOMAIN_SEPARATOR,\n                keccak256(abi.encode(PERMIT_TYPEHASH, owner, spender, value, nonces[owner]++, deadline))\n            )\n        );\n        address recoveredAddress = ecrecover(digest, v, r, s);\n        require(recoveredAddress != address(0) && recoveredAddress == owner, 'UniswapV2: INVALID_SIGNATURE');\n        _approve(owner, spender, value);\n    }\n}\n"
    },
    "contracts/UniswapV2Factory.sol": {
      "content": "// SPDX-License-Identifier: GPL-3.0\n\npragma solidity =0.6.12;\n\nimport './interfaces/IUniswapV2Factory.sol';\nimport './UniswapV2Pair.sol';\n\ncontract UniswapV2Factory is IUniswapV2Factory {\n    address public override feeTo;\n    address public override feeToSetter;\n    address public override migrator;\n\n    mapping(address => mapping(address => address)) public override getPair;\n    address[] public override allPairs;\n\n    event PairCreated(address indexed token0, address indexed token1, address pair, uint);\n\n    constructor(address _feeToSetter) public {\n        feeToSetter = _feeToSetter;\n    }\n\n    function allPairsLength() external override view returns (uint) {\n        return allPairs.length;\n    }\n\n    function pairCodeHash() external pure returns (bytes32) {\n        return keccak256(type(UniswapV2Pair).creationCode);\n    }\n\n    function createPair(address tokenA, address tokenB) external override returns (address pair) {\n        require(tokenA != tokenB, 'UniswapV2: IDENTICAL_ADDRESSES');\n        (address token0, address token1) = tokenA < tokenB ? (tokenA, tokenB) : (tokenB, tokenA);\n        require(token0 != address(0), 'UniswapV2: ZERO_ADDRESS');\n        require(getPair[token0][token1] == address(0), 'UniswapV2: PAIR_EXISTS'); // single check is sufficient\n        bytes memory bytecode = type(UniswapV2Pair).creationCode;\n        bytes32 salt = keccak256(abi.encodePacked(token0, token1));\n        assembly {\n            pair := create2(0, add(bytecode, 32), mload(bytecode), salt)\n        }\n        UniswapV2Pair(pair).initialize(token0, token1);\n        getPair[token0][token1] = pair;\n        getPair[token1][token0] = pair; // populate mapping in the reverse direction\n        allPairs.push(pair);\n        emit PairCreated(token0, token1, pair, allPairs.length);\n    }\n\n    function setFeeTo(address _feeTo) external override {\n        require(msg.sender == feeToSetter, 'UniswapV2: FORBIDDEN');\n        feeTo = _feeTo;\n    }\n\n    function setMigrator(address _migrator) external override {\n        require(msg.sender == feeToSetter, 'UniswapV2: FORBIDDEN');\n        migrator = _migrator;\n    }\n\n    function setFeeToSetter(address _feeToSetter) external override {\n        require(msg.sender == feeToSetter, 'UniswapV2: FORBIDDEN');\n        feeToSetter = _feeToSetter;\n    }\n\n}\n"
    },
    "contracts/UniswapV2Pair.sol": {
      "content": "// SPDX-License-Identifier: GPL-3.0\n\npragma solidity =0.6.12;\n\nimport './UniswapV2ERC20.sol';\nimport './libraries/Math.sol';\nimport './libraries/UQ112x112.sol';\nimport './interfaces/IERC20.sol';\nimport './interfaces/IUniswapV2Factory.sol';\nimport './interfaces/IUniswapV2Callee.sol';\n\ninterface IMigrator {\n    // Return the desired amount of liquidity token that the migrator wants.\n    function desiredLiquidity() external view returns (uint256);\n}\n\ncontract UniswapV2Pair is UniswapV2ERC20 {\n    using SafeMathUniswap  for uint;\n    using UQ112x112 for uint224;\n\n    uint public constant MINIMUM_LIQUIDITY = 10**3;\n    bytes4 private constant SELECTOR = bytes4(keccak256(bytes('transfer(address,uint256)')));\n\n    address public factory;\n    address public token0;\n    address public token1;\n\n    uint112 private reserve0;           // uses single storage slot, accessible via getReserves\n    uint112 private reserve1;           // uses single storage slot, accessible via getReserves\n    uint32  private blockTimestampLast; // uses single storage slot, accessible via getReserves\n\n    uint public price0CumulativeLast;\n    uint public price1CumulativeLast;\n    uint public kLast; // reserve0 * reserve1, as of immediately after the most recent liquidity event\n\n    uint private unlocked = 1;\n    modifier lock() {\n        require(unlocked == 1, 'UniswapV2: LOCKED');\n        unlocked = 0;\n        _;\n        unlocked = 1;\n    }\n\n    function getReserves() public view returns (uint112 _reserve0, uint112 _reserve1, uint32 _blockTimestampLast) {\n        _reserve0 = reserve0;\n        _reserve1 = reserve1;\n        _blockTimestampLast = blockTimestampLast;\n    }\n\n    function _safeTransfer(address token, address to, uint value) private {\n        (bool success, bytes memory data) = token.call(abi.encodeWithSelector(SELECTOR, to, value));\n        require(success && (data.length == 0 || abi.decode(data, (bool))), 'UniswapV2: TRANSFER_FAILED');\n    }\n\n    event Mint(address indexed sender, uint amount0, uint amount1);\n    event Burn(address indexed sender, uint amount0, uint amount1, address indexed to);\n    event Swap(\n        address indexed sender,\n        uint amount0In,\n        uint amount1In,\n        uint amount0Out,\n        uint amount1Out,\n        address indexed to\n    );\n    event Sync(uint112 reserve0, uint112 reserve1);\n\n    constructor() public {\n        factory = msg.sender;\n    }\n\n    // called once by the factory at time of deployment\n    function initialize(address _token0, address _token1) external {\n        require(msg.sender == factory, 'UniswapV2: FORBIDDEN'); // sufficient check\n        token0 = _token0;\n        token1 = _token1;\n    }\n\n    // update reserves and, on the first call per block, price accumulators\n    function _update(uint balance0, uint balance1, uint112 _reserve0, uint112 _reserve1) private {\n        require(balance0 <= uint112(-1) && balance1 <= uint112(-1), 'UniswapV2: OVERFLOW');\n        uint32 blockTimestamp = uint32(block.timestamp % 2**32);\n        uint32 timeElapsed = blockTimestamp - blockTimestampLast; // overflow is desired\n        if (timeElapsed > 0 && _reserve0 != 0 && _reserve1 != 0) {\n            // * never overflows, and + overflow is desired\n            price0CumulativeLast += uint(UQ112x112.encode(_reserve1).uqdiv(_reserve0)) * timeElapsed;\n            price1CumulativeLast += uint(UQ112x112.encode(_reserve0).uqdiv(_reserve1)) * timeElapsed;\n        }\n        reserve0 = uint112(balance0);\n        reserve1 = uint112(balance1);\n        blockTimestampLast = blockTimestamp;\n        emit Sync(reserve0, reserve1);\n    }\n\n    // if fee is on, mint liquidity equivalent to 1/6th of the growth in sqrt(k)\n    function _mintFee(uint112 _reserve0, uint112 _reserve1) private returns (bool feeOn) {\n        address feeTo = IUniswapV2Factory(factory).feeTo();\n        feeOn = feeTo != address(0);\n        uint _kLast = kLast; // gas savings\n        if (feeOn) {\n            if (_kLast != 0) {\n                uint rootK = Math.sqrt(uint(_reserve0).mul(_reserve1));\n                uint rootKLast = Math.sqrt(_kLast);\n                if (rootK > rootKLast) {\n                    uint numerator = totalSupply.mul(rootK.sub(rootKLast));\n                    uint denominator = rootK.mul(5).add(rootKLast);\n                    uint liquidity = numerator / denominator;\n                    if (liquidity > 0) _mint(feeTo, liquidity);\n                }\n            }\n        } else if (_kLast != 0) {\n            kLast = 0;\n        }\n    }\n\n    // this low-level function should be called from a contract which performs important safety checks\n    function mint(address to) external lock returns (uint liquidity) {\n        (uint112 _reserve0, uint112 _reserve1,) = getReserves(); // gas savings\n        uint balance0 = IERC20Uniswap(token0).balanceOf(address(this));\n        uint balance1 = IERC20Uniswap(token1).balanceOf(address(this));\n        uint amount0 = balance0.sub(_reserve0);\n        uint amount1 = balance1.sub(_reserve1);\n\n        bool feeOn = _mintFee(_reserve0, _reserve1);\n        uint _totalSupply = totalSupply; // gas savings, must be defined here since totalSupply can update in _mintFee\n        if (_totalSupply == 0) {\n            address migrator = IUniswapV2Factory(factory).migrator();\n            if (msg.sender == migrator) {\n                liquidity = IMigrator(migrator).desiredLiquidity();\n                require(liquidity > 0 && liquidity != uint256(-1), \"Bad desired liquidity\");\n            } else {\n                require(migrator == address(0), \"Must not have migrator\");\n                liquidity = Math.sqrt(amount0.mul(amount1)).sub(MINIMUM_LIQUIDITY);\n                _mint(address(0), MINIMUM_LIQUIDITY); // permanently lock the first MINIMUM_LIQUIDITY tokens\n            }\n        } else {\n            liquidity = Math.min(amount0.mul(_totalSupply) / _reserve0, amount1.mul(_totalSupply) / _reserve1);\n        }\n        require(liquidity > 0, 'UniswapV2: INSUFFICIENT_LIQUIDITY_MINTED');\n        _mint(to, liquidity);\n\n        _update(balance0, balance1, _reserve0, _reserve1);\n        if (feeOn) kLast = uint(reserve0).mul(reserve1); // reserve0 and reserve1 are up-to-date\n        emit Mint(msg.sender, amount0, amount1);\n    }\n\n    // this low-level function should be called from a contract which performs important safety checks\n    function burn(address to) external lock returns (uint amount0, uint amount1) {\n        (uint112 _reserve0, uint112 _reserve1,) = getReserves(); // gas savings\n        address _token0 = token0;                                // gas savings\n        address _token1 = token1;                                // gas savings\n        uint balance0 = IERC20Uniswap(_token0).balanceOf(address(this));\n        uint balance1 = IERC20Uniswap(_token1).balanceOf(address(this));\n        uint liquidity = balanceOf[address(this)];\n\n        bool feeOn = _mintFee(_reserve0, _reserve1);\n        uint _totalSupply = totalSupply; // gas savings, must be defined here since totalSupply can update in _mintFee\n        amount0 = liquidity.mul(balance0) / _totalSupply; // using balances ensures pro-rata distribution\n        amount1 = liquidity.mul(balance1) / _totalSupply; // using balances ensures pro-rata distribution\n        require(amount0 > 0 && amount1 > 0, 'UniswapV2: INSUFFICIENT_LIQUIDITY_BURNED');\n        _burn(address(this), liquidity);\n        _safeTransfer(_token0, to, amount0);\n        _safeTransfer(_token1, to, amount1);\n        balance0 = IERC20Uniswap(_token0).balanceOf(address(this));\n        balance1 = IERC20Uniswap(_token1).balanceOf(address(this));\n\n        _update(balance0, balance1, _reserve0, _reserve1);\n        if (feeOn) kLast = uint(reserve0).mul(reserve1); // reserve0 and reserve1 are up-to-date\n        emit Burn(msg.sender, amount0, amount1, to);\n    }\n\n    // this low-level function should be called from a contract which performs important safety checks\n    function swap(uint amount0Out, uint amount1Out, address to, bytes calldata data) external lock {\n        require(amount0Out > 0 || amount1Out > 0, 'UniswapV2: INSUFFICIENT_OUTPUT_AMOUNT');\n        (uint112 _reserve0, uint112 _reserve1,) = getReserves(); // gas savings\n        require(amount0Out < _reserve0 && amount1Out < _reserve1, 'UniswapV2: INSUFFICIENT_LIQUIDITY');\n\n        uint balance0;\n        uint balance1;\n        { // scope for _token{0,1}, avoids stack too deep errors\n        address _token0 = token0;\n        address _token1 = token1;\n        require(to != _token0 && to != _token1, 'UniswapV2: INVALID_TO');\n        if (amount0Out > 0) _safeTransfer(_token0, to, amount0Out); // optimistically transfer tokens\n        if (amount1Out > 0) _safeTransfer(_token1, to, amount1Out); // optimistically transfer tokens\n        if (data.length > 0) IUniswapV2Callee(to).uniswapV2Call(msg.sender, amount0Out, amount1Out, data);\n        balance0 = IERC20Uniswap(_token0).balanceOf(address(this));\n        balance1 = IERC20Uniswap(_token1).balanceOf(address(this));\n        }\n        uint amount0In = balance0 > _reserve0 - amount0Out ? balance0 - (_reserve0 - amount0Out) : 0;\n        uint amount1In = balance1 > _reserve1 - amount1Out ? balance1 - (_reserve1 - amount1Out) : 0;\n        require(amount0In > 0 || amount1In > 0, 'UniswapV2: INSUFFICIENT_INPUT_AMOUNT');\n        { // scope for reserve{0,1}Adjusted, avoids stack too deep errors\n        uint balance0Adjusted = balance0.mul(1000).sub(amount0In.mul(3));\n        uint balance1Adjusted = balance1.mul(1000).sub(amount1In.mul(3));\n        require(balance0Adjusted.mul(balance1Adjusted) >= uint(_reserve0).mul(_reserve1).mul(1000**2), 'UniswapV2: K');\n        }\n\n        _update(balance0, balance1, _reserve0, _reserve1);\n        emit Swap(msg.sender, amount0In, amount1In, amount0Out, amount1Out, to);\n    }\n\n    // force balances to match reserves\n    function skim(address to) external lock {\n        address _token0 = token0; // gas savings\n        address _token1 = token1; // gas savings\n        _safeTransfer(_token0, to, IERC20Uniswap(_token0).balanceOf(address(this)).sub(reserve0));\n        _safeTransfer(_token1, to, IERC20Uniswap(_token1).balanceOf(address(this)).sub(reserve1));\n    }\n\n    // force reserves to match balances\n    function sync() external lock {\n        _update(IERC20Uniswap(token0).balanceOf(address(this)), IERC20Uniswap(token1).balanceOf(address(this)), reserve0, reserve1);\n    }\n}\n"
    },
    "contracts/UniswapV2Router02.sol": {
      "content": "// SPDX-License-Identifier: GPL-3.0\n\npragma solidity =0.6.12;\n\nimport './libraries/UniswapV2Library.sol';\nimport './libraries/SafeMath.sol';\nimport './libraries/TransferHelper.sol';\nimport './interfaces/IUniswapV2Router02.sol';\nimport './interfaces/IUniswapV2Factory.sol';\nimport './interfaces/IERC20.sol';\nimport './interfaces/IWETH.sol';\n\ncontract UniswapV2Router02 is IUniswapV2Router02 {\n    using SafeMathUniswap for uint;\n\n    address public immutable override factory;\n    address public immutable override WETH;\n\n    modifier ensure(uint deadline) {\n        require(deadline >= block.timestamp, 'UniswapV2Router: EXPIRED');\n        _;\n    }\n\n    constructor(address _factory, address _WETH) public {\n        factory = _factory;\n        WETH = _WETH;\n    }\n\n    receive() external payable {\n        assert(msg.sender == WETH); // only accept ETH via fallback from the WETH contract\n    }\n\n    // **** ADD LIQUIDITY ****\n    function _addLiquidity(\n        address tokenA,\n        address tokenB,\n        uint amountADesired,\n        uint amountBDesired,\n        uint amountAMin,\n        uint amountBMin\n    ) internal virtual returns (uint amountA, uint amountB) {\n        // create the pair if it doesn't exist yet\n        if (IUniswapV2Factory(factory).getPair(tokenA, tokenB) == address(0)) {\n            IUniswapV2Factory(factory).createPair(tokenA, tokenB);\n        }\n        (uint reserveA, uint reserveB) = UniswapV2Library.getReserves(factory, tokenA, tokenB);\n        if (reserveA == 0 && reserveB == 0) {\n            (amountA, amountB) = (amountADesired, amountBDesired);\n        } else {\n            uint amountBOptimal = UniswapV2Library.quote(amountADesired, reserveA, reserveB);\n            if (amountBOptimal <= amountBDesired) {\n                require(amountBOptimal >= amountBMin, 'UniswapV2Router: INSUFFICIENT_B_AMOUNT');\n                (amountA, amountB) = (amountADesired, amountBOptimal);\n            } else {\n                uint amountAOptimal = UniswapV2Library.quote(amountBDesired, reserveB, reserveA);\n                assert(amountAOptimal <= amountADesired);\n                require(amountAOptimal >= amountAMin, 'UniswapV2Router: INSUFFICIENT_A_AMOUNT');\n                (amountA, amountB) = (amountAOptimal, amountBDesired);\n            }\n        }\n    }\n    function addLiquidity(\n        address tokenA,\n        address tokenB,\n        uint amountADesired,\n        uint amountBDesired,\n        uint amountAMin,\n        uint amountBMin,\n        address to,\n        uint deadline\n    ) external virtual override ensure(deadline) returns (uint amountA, uint amountB, uint liquidity) {\n        (amountA, amountB) = _addLiquidity(tokenA, tokenB, amountADesired, amountBDesired, amountAMin, amountBMin);\n        address pair = UniswapV2Library.pairFor(factory, tokenA, tokenB);\n        TransferHelper.safeTransferFrom(tokenA, msg.sender, pair, amountA);\n        TransferHelper.safeTransferFrom(tokenB, msg.sender, pair, amountB);\n        liquidity = IUniswapV2Pair(pair).mint(to);\n    }\n    function addLiquidityETH(\n        address token,\n        uint amountTokenDesired,\n        uint amountTokenMin,\n        uint amountETHMin,\n        address to,\n        uint deadline\n    ) external virtual override payable ensure(deadline) returns (uint amountToken, uint amountETH, uint liquidity) {\n        (amountToken, amountETH) = _addLiquidity(\n            token,\n            WETH,\n            amountTokenDesired,\n            msg.value,\n            amountTokenMin,\n            amountETHMin\n        );\n        address pair = UniswapV2Library.pairFor(factory, token, WETH);\n        TransferHelper.safeTransferFrom(token, msg.sender, pair, amountToken);\n        IWETH(WETH).deposit{value: amountETH}();\n        assert(IWETH(WETH).transfer(pair, amountETH));\n        liquidity = IUniswapV2Pair(pair).mint(to);\n        // refund dust eth, if any\n        if (msg.value > amountETH) TransferHelper.safeTransferETH(msg.sender, msg.value - amountETH);\n    }\n\n    // **** REMOVE LIQUIDITY ****\n    function removeLiquidity(\n        address tokenA,\n        address tokenB,\n        uint liquidity,\n        uint amountAMin,\n        uint amountBMin,\n        address to,\n        uint deadline\n    ) public virtual override ensure(deadline) returns (uint amountA, uint amountB) {\n        address pair = UniswapV2Library.pairFor(factory, tokenA, tokenB);\n        IUniswapV2Pair(pair).transferFrom(msg.sender, pair, liquidity); // send liquidity to pair\n        (uint amount0, uint amount1) = IUniswapV2Pair(pair).burn(to);\n        (address token0,) = UniswapV2Library.sortTokens(tokenA, tokenB);\n        (amountA, amountB) = tokenA == token0 ? (amount0, amount1) : (amount1, amount0);\n        require(amountA >= amountAMin, 'UniswapV2Router: INSUFFICIENT_A_AMOUNT');\n        require(amountB >= amountBMin, 'UniswapV2Router: INSUFFICIENT_B_AMOUNT');\n    }\n    function removeLiquidityETH(\n        address token,\n        uint liquidity,\n        uint amountTokenMin,\n        uint amountETHMin,\n        address to,\n        uint deadline\n    ) public virtual override ensure(deadline) returns (uint amountToken, uint amountETH) {\n        (amountToken, amountETH) = removeLiquidity(\n            token,\n            WETH,\n            liquidity,\n            amountTokenMin,\n            amountETHMin,\n            address(this),\n            deadline\n        );\n        TransferHelper.safeTransfer(token, to, amountToken);\n        IWETH(WETH).withdraw(amountETH);\n        TransferHelper.safeTransferETH(to, amountETH);\n    }\n    function removeLiquidityWithPermit(\n        address tokenA,\n        address tokenB,\n        uint liquidity,\n        uint amountAMin,\n        uint amountBMin,\n        address to,\n        uint deadline,\n        bool approveMax, uint8 v, bytes32 r, bytes32 s\n    ) external virtual override returns (uint amountA, uint amountB) {\n        address pair = UniswapV2Library.pairFor(factory, tokenA, tokenB);\n        uint value = approveMax ? uint(-1) : liquidity;\n        IUniswapV2Pair(pair).permit(msg.sender, address(this), value, deadline, v, r, s);\n        (amountA, amountB) = removeLiquidity(tokenA, tokenB, liquidity, amountAMin, amountBMin, to, deadline);\n    }\n    function removeLiquidityETHWithPermit(\n        address token,\n        uint liquidity,\n        uint amountTokenMin,\n        uint amountETHMin,\n        address to,\n        uint deadline,\n        bool approveMax, uint8 v, bytes32 r, bytes32 s\n    ) external virtual override returns (uint amountToken, uint amountETH) {\n        address pair = UniswapV2Library.pairFor(factory, token, WETH);\n        uint value = approveMax ? uint(-1) : liquidity;\n        IUniswapV2Pair(pair).permit(msg.sender, address(this), value, deadline, v, r, s);\n        (amountToken, amountETH) = removeLiquidityETH(token, liquidity, amountTokenMin, amountETHMin, to, deadline);\n    }\n\n    // **** REMOVE LIQUIDITY (supporting fee-on-transfer tokens) ****\n    function removeLiquidityETHSupportingFeeOnTransferTokens(\n        address token,\n        uint liquidity,\n        uint amountTokenMin,\n        uint amountETHMin,\n        address to,\n        uint deadline\n    ) public virtual override ensure(deadline) returns (uint amountETH) {\n        (, amountETH) = removeLiquidity(\n            token,\n            WETH,\n            liquidity,\n            amountTokenMin,\n            amountETHMin,\n            address(this),\n            deadline\n        );\n        TransferHelper.safeTransfer(token, to, IERC20Uniswap(token).balanceOf(address(this)));\n        IWETH(WETH).withdraw(amountETH);\n        TransferHelper.safeTransferETH(to, amountETH);\n    }\n    function removeLiquidityETHWithPermitSupportingFeeOnTransferTokens(\n        address token,\n        uint liquidity,\n        uint amountTokenMin,\n        uint amountETHMin,\n        address to,\n        uint deadline,\n        bool approveMax, uint8 v, bytes32 r, bytes32 s\n    ) external virtual override returns (uint amountETH) {\n        address pair = UniswapV2Library.pairFor(factory, token, WETH);\n        uint value = approveMax ? uint(-1) : liquidity;\n        IUniswapV2Pair(pair).permit(msg.sender, address(this), value, deadline, v, r, s);\n        amountETH = removeLiquidityETHSupportingFeeOnTransferTokens(\n            token, liquidity, amountTokenMin, amountETHMin, to, deadline\n        );\n    }\n\n    // **** SWAP ****\n    // requires the initial amount to have already been sent to the first pair\n    function _swap(uint[] memory amounts, address[] memory path, address _to) internal virtual {\n        for (uint i; i < path.length - 1; i++) {\n            (address input, address output) = (path[i], path[i + 1]);\n            (address token0,) = UniswapV2Library.sortTokens(input, output);\n            uint amountOut = amounts[i + 1];\n            (uint amount0Out, uint amount1Out) = input == token0 ? (uint(0), amountOut) : (amountOut, uint(0));\n            address to = i < path.length - 2 ? UniswapV2Library.pairFor(factory, output, path[i + 2]) : _to;\n            IUniswapV2Pair(UniswapV2Library.pairFor(factory, input, output)).swap(\n                amount0Out, amount1Out, to, new bytes(0)\n            );\n        }\n    }\n    function swapExactTokensForTokens(\n        uint amountIn,\n        uint amountOutMin,\n        address[] calldata path,\n        address to,\n        uint deadline\n    ) external virtual override ensure(deadline) returns (uint[] memory amounts) {\n        amounts = UniswapV2Library.getAmountsOut(factory, amountIn, path);\n        require(amounts[amounts.length - 1] >= amountOutMin, 'UniswapV2Router: INSUFFICIENT_OUTPUT_AMOUNT');\n        TransferHelper.safeTransferFrom(\n            path[0], msg.sender, UniswapV2Library.pairFor(factory, path[0], path[1]), amounts[0]\n        );\n        _swap(amounts, path, to);\n    }\n    function swapTokensForExactTokens(\n        uint amountOut,\n        uint amountInMax,\n        address[] calldata path,\n        address to,\n        uint deadline\n    ) external virtual override ensure(deadline) returns (uint[] memory amounts) {\n        amounts = UniswapV2Library.getAmountsIn(factory, amountOut, path);\n        require(amounts[0] <= amountInMax, 'UniswapV2Router: EXCESSIVE_INPUT_AMOUNT');\n        TransferHelper.safeTransferFrom(\n            path[0], msg.sender, UniswapV2Library.pairFor(factory, path[0], path[1]), amounts[0]\n        );\n        _swap(amounts, path, to);\n    }\n    function swapExactETHForTokens(uint amountOutMin, address[] calldata path, address to, uint deadline)\n        external\n        virtual\n        override\n        payable\n        ensure(deadline)\n        returns (uint[] memory amounts)\n    {\n        require(path[0] == WETH, 'UniswapV2Router: INVALID_PATH');\n        amounts = UniswapV2Library.getAmountsOut(factory, msg.value, path);\n        require(amounts[amounts.length - 1] >= amountOutMin, 'UniswapV2Router: INSUFFICIENT_OUTPUT_AMOUNT');\n        IWETH(WETH).deposit{value: amounts[0]}();\n        assert(IWETH(WETH).transfer(UniswapV2Library.pairFor(factory, path[0], path[1]), amounts[0]));\n        _swap(amounts, path, to);\n    }\n    function swapTokensForExactETH(uint amountOut, uint amountInMax, address[] calldata path, address to, uint deadline)\n        external\n        virtual\n        override\n        ensure(deadline)\n        returns (uint[] memory amounts)\n    {\n        require(path[path.length - 1] == WETH, 'UniswapV2Router: INVALID_PATH');\n        amounts = UniswapV2Library.getAmountsIn(factory, amountOut, path);\n        require(amounts[0] <= amountInMax, 'UniswapV2Router: EXCESSIVE_INPUT_AMOUNT');\n        TransferHelper.safeTransferFrom(\n            path[0], msg.sender, UniswapV2Library.pairFor(factory, path[0], path[1]), amounts[0]\n        );\n        _swap(amounts, path, address(this));\n        IWETH(WETH).withdraw(amounts[amounts.length - 1]);\n        TransferHelper.safeTransferETH(to, amounts[amounts.length - 1]);\n    }\n    function swapExactTokensForETH(uint amountIn, uint amountOutMin, address[] calldata path, address to, uint deadline)\n        external\n        virtual\n        override\n        ensure(deadline)\n        returns (uint[] memory amounts)\n    {\n        require(path[path.length - 1] == WETH, 'UniswapV2Router: INVALID_PATH');\n        amounts = UniswapV2Library.getAmountsOut(factory, amountIn, path);\n        require(amounts[amounts.length - 1] >= amountOutMin, 'UniswapV2Router: INSUFFICIENT_OUTPUT_AMOUNT');\n        TransferHelper.safeTransferFrom(\n            path[0], msg.sender, UniswapV2Library.pairFor(factory, path[0], path[1]), amounts[0]\n        );\n        _swap(amounts, path, address(this));\n        IWETH(WETH).withdraw(amounts[amounts.length - 1]);\n        TransferHelper.safeTransferETH(to, amounts[amounts.length - 1]);\n    }\n    function swapETHForExactTokens(uint amountOut, address[] calldata path, address to, uint deadline)\n        external\n        virtual\n        override\n        payable\n        ensure(deadline)\n        returns (uint[] memory amounts)\n    {\n        require(path[0] == WETH, 'UniswapV2Router: INVALID_PATH');\n        amounts = UniswapV2Library.getAmountsIn(factory, amountOut, path);\n        require(amounts[0] <= msg.value, 'UniswapV2Router: EXCESSIVE_INPUT_AMOUNT');\n        IWETH(WETH).deposit{value: amounts[0]}();\n        assert(IWETH(WETH).transfer(UniswapV2Library.pairFor(factory, path[0], path[1]), amounts[0]));\n        _swap(amounts, path, to);\n        // refund dust eth, if any\n        if (msg.value > amounts[0]) TransferHelper.safeTransferETH(msg.sender, msg.value - amounts[0]);\n    }\n\n    // **** SWAP (supporting fee-on-transfer tokens) ****\n    // requires the initial amount to have already been sent to the first pair\n    function _swapSupportingFeeOnTransferTokens(address[] memory path, address _to) internal virtual {\n        for (uint i; i < path.length - 1; i++) {\n            (address input, address output) = (path[i], path[i + 1]);\n            (address token0,) = UniswapV2Library.sortTokens(input, output);\n            IUniswapV2Pair pair = IUniswapV2Pair(UniswapV2Library.pairFor(factory, input, output));\n            uint amountInput;\n            uint amountOutput;\n            { // scope to avoid stack too deep errors\n            (uint reserve0, uint reserve1,) = pair.getReserves();\n            (uint reserveInput, uint reserveOutput) = input == token0 ? (reserve0, reserve1) : (reserve1, reserve0);\n            amountInput = IERC20Uniswap(input).balanceOf(address(pair)).sub(reserveInput);\n            amountOutput = UniswapV2Library.getAmountOut(amountInput, reserveInput, reserveOutput);\n            }\n            (uint amount0Out, uint amount1Out) = input == token0 ? (uint(0), amountOutput) : (amountOutput, uint(0));\n            address to = i < path.length - 2 ? UniswapV2Library.pairFor(factory, output, path[i + 2]) : _to;\n            pair.swap(amount0Out, amount1Out, to, new bytes(0));\n        }\n    }\n    function swapExactTokensForTokensSupportingFeeOnTransferTokens(\n        uint amountIn,\n        uint amountOutMin,\n        address[] calldata path,\n        address to,\n        uint deadline\n    ) external virtual override ensure(deadline) {\n        TransferHelper.safeTransferFrom(\n            path[0], msg.sender, UniswapV2Library.pairFor(factory, path[0], path[1]), amountIn\n        );\n        uint balanceBefore = IERC20Uniswap(path[path.length - 1]).balanceOf(to);\n        _swapSupportingFeeOnTransferTokens(path, to);\n        require(\n            IERC20Uniswap(path[path.length - 1]).balanceOf(to).sub(balanceBefore) >= amountOutMin,\n            'UniswapV2Router: INSUFFICIENT_OUTPUT_AMOUNT'\n        );\n    }\n    function swapExactETHForTokensSupportingFeeOnTransferTokens(\n        uint amountOutMin,\n        address[] calldata path,\n        address to,\n        uint deadline\n    )\n        external\n        virtual\n        override\n        payable\n        ensure(deadline)\n    {\n        require(path[0] == WETH, 'UniswapV2Router: INVALID_PATH');\n        uint amountIn = msg.value;\n        IWETH(WETH).deposit{value: amountIn}();\n        assert(IWETH(WETH).transfer(UniswapV2Library.pairFor(factory, path[0], path[1]), amountIn));\n        uint balanceBefore = IERC20Uniswap(path[path.length - 1]).balanceOf(to);\n        _swapSupportingFeeOnTransferTokens(path, to);\n        require(\n            IERC20Uniswap(path[path.length - 1]).balanceOf(to).sub(balanceBefore) >= amountOutMin,\n            'UniswapV2Router: INSUFFICIENT_OUTPUT_AMOUNT'\n        );\n    }\n    function swapExactTokensForETHSupportingFeeOnTransferTokens(\n        uint amountIn,\n        uint amountOutMin,\n        address[] calldata path,\n        address to,\n        uint deadline\n    )\n        external\n        virtual\n        override\n        ensure(deadline)\n    {\n        require(path[path.length - 1] == WETH, 'UniswapV2Router: INVALID_PATH');\n        TransferHelper.safeTransferFrom(\n            path[0], msg.sender, UniswapV2Library.pairFor(factory, path[0], path[1]), amountIn\n        );\n        _swapSupportingFeeOnTransferTokens(path, address(this));\n        uint amountOut = IERC20Uniswap(WETH).balanceOf(address(this));\n        require(amountOut >= amountOutMin, 'UniswapV2Router: INSUFFICIENT_OUTPUT_AMOUNT');\n        IWETH(WETH).withdraw(amountOut);\n        TransferHelper.safeTransferETH(to, amountOut);\n    }\n\n    // **** LIBRARY FUNCTIONS ****\n    function quote(uint amountA, uint reserveA, uint reserveB) public pure virtual override returns (uint amountB) {\n        return UniswapV2Library.quote(amountA, reserveA, reserveB);\n    }\n\n    function getAmountOut(uint amountIn, uint reserveIn, uint reserveOut)\n        public\n        pure\n        virtual\n        override\n        returns (uint amountOut)\n    {\n        return UniswapV2Library.getAmountOut(amountIn, reserveIn, reserveOut);\n    }\n\n    function getAmountIn(uint amountOut, uint reserveIn, uint reserveOut)\n        public\n        pure\n        virtual\n        override\n        returns (uint amountIn)\n    {\n        return UniswapV2Library.getAmountIn(amountOut, reserveIn, reserveOut);\n    }\n\n    function getAmountsOut(uint amountIn, address[] memory path)\n        public\n        view\n        virtual\n        override\n        returns (uint[] memory amounts)\n    {\n        return UniswapV2Library.getAmountsOut(factory, amountIn, path);\n    }\n\n    function getAmountsIn(uint amountOut, address[] memory path)\n        public\n        view\n        virtual\n        override\n        returns (uint[] memory amounts)\n    {\n        return UniswapV2Library.getAmountsIn(factory, amountOut, path);\n    }\n}\n"
    }
  },
  "settings": {
    "optimizer": {
      "enabled": true,
      "runs": 200
    },
    "outputSelection": {
      "*": {
        "*": [
          "abi",
          "evm.bytecode",
          "evm.deployedBytecode",
          "evm.methodIdentifiers",
          "metadata",
          "devdoc",
          "userdoc",
          "storageLayout",
          "evm.gasEstimates"
        ],
        "": [
          "ast"
        ]
      }
    },
    "metadata": {
      "useLiteralContent": true
    }
  }
}