{
  "language": "Solidity",
  "sources": {
    "contracts/interfaces/IERC20.sol": {
      "content": "// SPDX-License-Identifier: GPL-3.0\n\npragma solidity >=0.5.0;\n\ninterface IERC20Uniswap {\n    event Approval(address indexed owner, address indexed spender, uint value);\n    event Transfer(address indexed from, address indexed to, uint value);\n\n    function name() external view returns (string memory);\n    function symbol() external view returns (string memory);\n    function decimals() external view returns (uint8);\n    function totalSupply() external view returns (uint);\n    function balanceOf(address owner) external view returns (uint);\n    function allowance(address owner, address spender) external view returns (uint);\n\n    function approve(address spender, uint value) external returns (bool);\n    function transfer(address to, uint value) external returns (bool);\n    function transferFrom(address from, address to, uint value) external returns (bool);\n}\n"
    },
    "contracts/UniswapV2Router02.sol": {
      "content": "// SPDX-License-Identifier: GPL-3.0\n\npragma solidity =0.6.12;\n\nimport './libraries/UniswapV2Library.sol';\nimport './libraries/SafeMath.sol';\nimport './libraries/TransferHelper.sol';\nimport './interfaces/IUniswapV2Router02.sol';\nimport './interfaces/IUniswapV2Factory.sol';\nimport './interfaces/IERC20.sol';\nimport './interfaces/IWETH.sol';\n\ncontract UniswapV2Router02 is IUniswapV2Router02 {\n    using SafeMathUniswap for uint;\n\n    address public immutable override factory;\n    address public immutable override WETH;\n\n    modifier ensure(uint deadline) {\n        require(deadline >= block.timestamp, 'UniswapV2Router: EXPIRED');\n        _;\n    }\n\n    constructor(address _factory, address _WETH) public {\n        factory = _factory;\n        WETH = _WETH;\n    }\n\n    receive() external payable {\n        assert(msg.sender == WETH); // only accept ETH via fallback from the WETH contract\n    }\n\n    // **** ADD LIQUIDITY ****\n    function _addLiquidity(\n        address tokenA,\n        address tokenB,\n        uint amountADesired,\n        uint amountBDesired,\n        uint amountAMin,\n        uint amountBMin\n    ) internal virtual returns (uint amountA, uint amountB) {\n        // create the pair if it doesn't exist yet\n        if (IUniswapV2Factory(factory).getPair(tokenA, tokenB) == address(0)) {\n            IUniswapV2Factory(factory).createPair(tokenA, tokenB);\n        }\n        (uint reserveA, uint reserveB) = UniswapV2Library.getReserves(factory, tokenA, tokenB);\n        if (reserveA == 0 && reserveB == 0) {\n            (amountA, amountB) = (amountADesired, amountBDesired);\n        } else {\n            uint amountBOptimal = UniswapV2Library.quote(amountADesired, reserveA, reserveB);\n            if (amountBOptimal <= amountBDesired) {\n                require(amountBOptimal >= amountBMin, 'UniswapV2Router: INSUFFICIENT_B_AMOUNT');\n                (amountA, amountB) = (amountADesired, amountBOptimal);\n            } else {\n                uint amountAOptimal = UniswapV2Library.quote(amountBDesired, reserveB, reserveA);\n                assert(amountAOptimal <= amountADesired);\n                require(amountAOptimal >= amountAMin, 'UniswapV2Router: INSUFFICIENT_A_AMOUNT');\n                (amountA, amountB) = (amountAOptimal, amountBDesired);\n            }\n        }\n    }\n    function addLiquidity(\n        address tokenA,\n        address tokenB,\n        uint amountADesired,\n        uint amountBDesired,\n        uint amountAMin,\n        uint amountBMin,\n        address to,\n        uint deadline\n    ) external virtual override ensure(deadline) returns (uint amountA, uint amountB, uint liquidity) {\n        (amountA, amountB) = _addLiquidity(tokenA, tokenB, amountADesired, amountBDesired, amountAMin, amountBMin);\n        address pair = UniswapV2Library.pairFor(factory, tokenA, tokenB);\n        TransferHelper.safeTransferFrom(tokenA, msg.sender, pair, amountA);\n        TransferHelper.safeTransferFrom(tokenB, msg.sender, pair, amountB);\n        liquidity = IUniswapV2Pair(pair).mint(to);\n    }\n    function addLiquidityETH(\n        address token,\n        uint amountTokenDesired,\n        uint amountTokenMin,\n        uint amountETHMin,\n        address to,\n        uint deadline\n    ) external virtual override payable ensure(deadline) returns (uint amountToken, uint amountETH, uint liquidity) {\n        (amountToken, amountETH) = _addLiquidity(\n            token,\n            WETH,\n            amountTokenDesired,\n            msg.value,\n            amountTokenMin,\n            amountETHMin\n        );\n        address pair = UniswapV2Library.pairFor(factory, token, WETH);\n        TransferHelper.safeTransferFrom(token, msg.sender, pair, amountToken);\n        IWETH(WETH).deposit{value: amountETH}();\n        assert(IWETH(WETH).transfer(pair, amountETH));\n        liquidity = IUniswapV2Pair(pair).mint(to);\n        // refund dust eth, if any\n        if (msg.value > amountETH) TransferHelper.safeTransferETH(msg.sender, msg.value - amountETH);\n    }\n\n    // **** REMOVE LIQUIDITY ****\n    function removeLiquidity(\n        address tokenA,\n        address tokenB,\n        uint liquidity,\n        uint amountAMin,\n        uint amountBMin,\n        address to,\n        uint deadline\n    ) public virtual override ensure(deadline) returns (uint amountA, uint amountB) {\n        address pair = UniswapV2Library.pairFor(factory, tokenA, tokenB);\n        IUniswapV2Pair(pair).transferFrom(msg.sender, pair, liquidity); // send liquidity to pair\n        (uint amount0, uint amount1) = IUniswapV2Pair(pair).burn(to);\n        (address token0,) = UniswapV2Library.sortTokens(tokenA, tokenB);\n        (amountA, amountB) = tokenA == token0 ? (amount0, amount1) : (amount1, amount0);\n        require(amountA >= amountAMin, 'UniswapV2Router: INSUFFICIENT_A_AMOUNT');\n        require(amountB >= amountBMin, 'UniswapV2Router: INSUFFICIENT_B_AMOUNT');\n    }\n    function removeLiquidityETH(\n        address token,\n        uint liquidity,\n        uint amountTokenMin,\n        uint amountETHMin,\n        address to,\n        uint deadline\n    ) public virtual override ensure(deadline) returns (uint amountToken, uint amountETH) {\n        (amountToken, amountETH) = removeLiquidity(\n            token,\n            WETH,\n            liquidity,\n            amountTokenMin,\n            amountETHMin,\n            address(this),\n            deadline\n        );\n        TransferHelper.safeTransfer(token, to, amountToken);\n        IWETH(WETH).withdraw(amountETH);\n        TransferHelper.safeTransferETH(to, amountETH);\n    }\n    function removeLiquidityWithPermit(\n        address tokenA,\n        address tokenB,\n        uint liquidity,\n        uint amountAMin,\n        uint amountBMin,\n        address to,\n        uint deadline,\n        bool approveMax, uint8 v, bytes32 r, bytes32 s\n    ) external virtual override returns (uint amountA, uint amountB) {\n        address pair = UniswapV2Library.pairFor(factory, tokenA, tokenB);\n        uint value = approveMax ? uint(-1) : liquidity;\n        IUniswapV2Pair(pair).permit(msg.sender, address(this), value, deadline, v, r, s);\n        (amountA, amountB) = removeLiquidity(tokenA, tokenB, liquidity, amountAMin, amountBMin, to, deadline);\n    }\n    function removeLiquidityETHWithPermit(\n        address token,\n        uint liquidity,\n        uint amountTokenMin,\n        uint amountETHMin,\n        address to,\n        uint deadline,\n        bool approveMax, uint8 v, bytes32 r, bytes32 s\n    ) external virtual override returns (uint amountToken, uint amountETH) {\n        address pair = UniswapV2Library.pairFor(factory, token, WETH);\n        uint value = approveMax ? uint(-1) : liquidity;\n        IUniswapV2Pair(pair).permit(msg.sender, address(this), value, deadline, v, r, s);\n        (amountToken, amountETH) = removeLiquidityETH(token, liquidity, amountTokenMin, amountETHMin, to, deadline);\n    }\n\n    // **** REMOVE LIQUIDITY (supporting fee-on-transfer tokens) ****\n    function removeLiquidityETHSupportingFeeOnTransferTokens(\n        address token,\n        uint liquidity,\n        uint amountTokenMin,\n        uint amountETHMin,\n        address to,\n        uint deadline\n    ) public virtual override ensure(deadline) returns (uint amountETH) {\n        (, amountETH) = removeLiquidity(\n            token,\n            WETH,\n            liquidity,\n            amountTokenMin,\n            amountETHMin,\n            address(this),\n            deadline\n        );\n        TransferHelper.safeTransfer(token, to, IERC20Uniswap(token).balanceOf(address(this)));\n        IWETH(WETH).withdraw(amountETH);\n        TransferHelper.safeTransferETH(to, amountETH);\n    }\n    function removeLiquidityETHWithPermitSupportingFeeOnTransferTokens(\n        address token,\n        uint liquidity,\n        uint amountTokenMin,\n        uint amountETHMin,\n        address to,\n        uint deadline,\n        bool approveMax, uint8 v, bytes32 r, bytes32 s\n    ) external virtual override returns (uint amountETH) {\n        address pair = UniswapV2Library.pairFor(factory, token, WETH);\n        uint value = approveMax ? uint(-1) : liquidity;\n        IUniswapV2Pair(pair).permit(msg.sender, address(this), value, deadline, v, r, s);\n        amountETH = removeLiquidityETHSupportingFeeOnTransferTokens(\n            token, liquidity, amountTokenMin, amountETHMin, to, deadline\n        );\n    }\n\n    // **** SWAP ****\n    // requires the initial amount to have already been sent to the first pair\n    function _swap(uint[] memory amounts, address[] memory path, address _to) internal virtual {\n        for (uint i; i < path.length - 1; i++) {\n            (address input, address output) = (path[i], path[i + 1]);\n            (address token0,) = UniswapV2Library.sortTokens(input, output);\n            uint amountOut = amounts[i + 1];\n            (uint amount0Out, uint amount1Out) = input == token0 ? (uint(0), amountOut) : (amountOut, uint(0));\n            address to = i < path.length - 2 ? UniswapV2Library.pairFor(factory, output, path[i + 2]) : _to;\n            IUniswapV2Pair(UniswapV2Library.pairFor(factory, input, output)).swap(\n                amount0Out, amount1Out, to, new bytes(0)\n            );\n        }\n    }\n    function swapExactTokensForTokens(\n        uint amountIn,\n        uint amountOutMin,\n        address[] calldata path,\n        address to,\n        uint deadline\n    ) external virtual override ensure(deadline) returns (uint[] memory amounts) {\n        amounts = UniswapV2Library.getAmountsOut(factory, amountIn, path);\n        require(amounts[amounts.length - 1] >= amountOutMin, 'UniswapV2Router: INSUFFICIENT_OUTPUT_AMOUNT');\n        TransferHelper.safeTransferFrom(\n            path[0], msg.sender, UniswapV2Library.pairFor(factory, path[0], path[1]), amounts[0]\n        );\n        _swap(amounts, path, to);\n    }\n    function swapTokensForExactTokens(\n        uint amountOut,\n        uint amountInMax,\n        address[] calldata path,\n        address to,\n        uint deadline\n    ) external virtual override ensure(deadline) returns (uint[] memory amounts) {\n        amounts = UniswapV2Library.getAmountsIn(factory, amountOut, path);\n        require(amounts[0] <= amountInMax, 'UniswapV2Router: EXCESSIVE_INPUT_AMOUNT');\n        TransferHelper.safeTransferFrom(\n            path[0], msg.sender, UniswapV2Library.pairFor(factory, path[0], path[1]), amounts[0]\n        );\n        _swap(amounts, path, to);\n    }\n    function swapExactETHForTokens(uint amountOutMin, address[] calldata path, address to, uint deadline)\n        external\n        virtual\n        override\n        payable\n        ensure(deadline)\n        returns (uint[] memory amounts)\n    {\n        require(path[0] == WETH, 'UniswapV2Router: INVALID_PATH');\n        amounts = UniswapV2Library.getAmountsOut(factory, msg.value, path);\n        require(amounts[amounts.length - 1] >= amountOutMin, 'UniswapV2Router: INSUFFICIENT_OUTPUT_AMOUNT');\n        IWETH(WETH).deposit{value: amounts[0]}();\n        assert(IWETH(WETH).transfer(UniswapV2Library.pairFor(factory, path[0], path[1]), amounts[0]));\n        _swap(amounts, path, to);\n    }\n    function swapTokensForExactETH(uint amountOut, uint amountInMax, address[] calldata path, address to, uint deadline)\n        external\n        virtual\n        override\n        ensure(deadline)\n        returns (uint[] memory amounts)\n    {\n        require(path[path.length - 1] == WETH, 'UniswapV2Router: INVALID_PATH');\n        amounts = UniswapV2Library.getAmountsIn(factory, amountOut, path);\n        require(amounts[0] <= amountInMax, 'UniswapV2Router: EXCESSIVE_INPUT_AMOUNT');\n        TransferHelper.safeTransferFrom(\n            path[0], msg.sender, UniswapV2Library.pairFor(factory, path[0], path[1]), amounts[0]\n        );\n        _swap(amounts, path, address(this));\n        IWETH(WETH).withdraw(amounts[amounts.length - 1]);\n        TransferHelper.safeTransferETH(to, amounts[amounts.length - 1]);\n    }\n    function swapExactTokensForETH(uint amountIn, uint amountOutMin, address[] calldata path, address to, uint deadline)\n        external\n        virtual\n        override\n        ensure(deadline)\n        returns (uint[] memory amounts)\n    {\n        require(path[path.length - 1] == WETH, 'UniswapV2Router: INVALID_PATH');\n        amounts = UniswapV2Library.getAmountsOut(factory, amountIn, path);\n        require(amounts[amounts.length - 1] >= amountOutMin, 'UniswapV2Router: INSUFFICIENT_OUTPUT_AMOUNT');\n        TransferHelper.safeTransferFrom(\n            path[0], msg.sender, UniswapV2Library.pairFor(factory, path[0], path[1]), amounts[0]\n        );\n        _swap(amounts, path, address(this));\n        IWETH(WETH).withdraw(amounts[amounts.length - 1]);\n        TransferHelper.safeTransferETH(to, amounts[amounts.length - 1]);\n    }\n    function swapETHForExactTokens(uint amountOut, address[] calldata path, address to, uint deadline)\n        external\n        virtual\n        override\n        payable\n        ensure(deadline)\n        returns (uint[] memory amounts)\n    {\n        require(path[0] == WETH, 'UniswapV2Router: INVALID_PATH');\n        amounts = UniswapV2Library.getAmountsIn(factory, amountOut, path);\n        require(amounts[0] <= msg.value, 'UniswapV2Router: EXCESSIVE_INPUT_AMOUNT');\n        IWETH(WETH).deposit{value: amounts[0]}();\n        assert(IWETH(WETH).transfer(UniswapV2Library.pairFor(factory, path[0], path[1]), amounts[0]));\n        _swap(amounts, path, to);\n        // refund dust eth, if any\n        if (msg.value > amounts[0]) TransferHelper.safeTransferETH(msg.sender, msg.value - amounts[0]);\n    }\n\n    // **** SWAP (supporting fee-on-transfer tokens) ****\n    // requires the initial amount to have already been sent to the first pair\n    function _swapSupportingFeeOnTransferTokens(address[] memory path, address _to) internal virtual {\n        for (uint i; i < path.length - 1; i++) {\n            (address input, address output) = (path[i], path[i + 1]);\n            (address token0,) = UniswapV2Library.sortTokens(input, output);\n            IUniswapV2Pair pair = IUniswapV2Pair(UniswapV2Library.pairFor(factory, input, output));\n            uint amountInput;\n            uint amountOutput;\n            { // scope to avoid stack too deep errors\n            (uint reserve0, uint reserve1,) = pair.getReserves();\n            (uint reserveInput, uint reserveOutput) = input == token0 ? (reserve0, reserve1) : (reserve1, reserve0);\n            amountInput = IERC20Uniswap(input).balanceOf(address(pair)).sub(reserveInput);\n            amountOutput = UniswapV2Library.getAmountOut(amountInput, reserveInput, reserveOutput);\n            }\n            (uint amount0Out, uint amount1Out) = input == token0 ? (uint(0), amountOutput) : (amountOutput, uint(0));\n            address to = i < path.length - 2 ? UniswapV2Library.pairFor(factory, output, path[i + 2]) : _to;\n            pair.swap(amount0Out, amount1Out, to, new bytes(0));\n        }\n    }\n    function swapExactTokensForTokensSupportingFeeOnTransferTokens(\n        uint amountIn,\n        uint amountOutMin,\n        address[] calldata path,\n        address to,\n        uint deadline\n    ) external virtual override ensure(deadline) {\n        TransferHelper.safeTransferFrom(\n            path[0], msg.sender, UniswapV2Library.pairFor(factory, path[0], path[1]), amountIn\n        );\n        uint balanceBefore = IERC20Uniswap(path[path.length - 1]).balanceOf(to);\n        _swapSupportingFeeOnTransferTokens(path, to);\n        require(\n            IERC20Uniswap(path[path.length - 1]).balanceOf(to).sub(balanceBefore) >= amountOutMin,\n            'UniswapV2Router: INSUFFICIENT_OUTPUT_AMOUNT'\n        );\n    }\n    function swapExactETHForTokensSupportingFeeOnTransferTokens(\n        uint amountOutMin,\n        address[] calldata path,\n        address to,\n        uint deadline\n    )\n        external\n        virtual\n        override\n        payable\n        ensure(deadline)\n    {\n        require(path[0] == WETH, 'UniswapV2Router: INVALID_PATH');\n        uint amountIn = msg.value;\n        IWETH(WETH).deposit{value: amountIn}();\n        assert(IWETH(WETH).transfer(UniswapV2Library.pairFor(factory, path[0], path[1]), amountIn));\n        uint balanceBefore = IERC20Uniswap(path[path.length - 1]).balanceOf(to);\n        _swapSupportingFeeOnTransferTokens(path, to);\n        require(\n            IERC20Uniswap(path[path.length - 1]).balanceOf(to).sub(balanceBefore) >= amountOutMin,\n            'UniswapV2Router: INSUFFICIENT_OUTPUT_AMOUNT'\n        );\n    }\n    function swapExactTokensForETHSupportingFeeOnTransferTokens(\n        uint amountIn,\n        uint amountOutMin,\n        address[] calldata path,\n        address to,\n        uint deadline\n    )\n        external\n        virtual\n        override\n        ensure(deadline)\n    {\n        require(path[path.length - 1] == WETH, 'UniswapV2Router: INVALID_PATH');\n        TransferHelper.safeTransferFrom(\n            path[0], msg.sender, UniswapV2Library.pairFor(factory, path[0], path[1]), amountIn\n        );\n        _swapSupportingFeeOnTransferTokens(path, address(this));\n        uint amountOut = IERC20Uniswap(WETH).balanceOf(address(this));\n        require(amountOut >= amountOutMin, 'UniswapV2Router: INSUFFICIENT_OUTPUT_AMOUNT');\n        IWETH(WETH).withdraw(amountOut);\n        TransferHelper.safeTransferETH(to, amountOut);\n    }\n\n    // **** LIBRARY FUNCTIONS ****\n    function quote(uint amountA, uint reserveA, uint reserveB) public pure virtual override returns (uint amountB) {\n        return UniswapV2Library.quote(amountA, reserveA, reserveB);\n    }\n\n    function getAmountOut(uint amountIn, uint reserveIn, uint reserveOut)\n        public\n        pure\n        virtual\n        override\n        returns (uint amountOut)\n    {\n        return UniswapV2Library.getAmountOut(amountIn, reserveIn, reserveOut);\n    }\n\n    function getAmountIn(uint amountOut, uint reserveIn, uint reserveOut)\n        public\n        pure\n        virtual\n        override\n        returns (uint amountIn)\n    {\n        return UniswapV2Library.getAmountIn(amountOut, reserveIn, reserveOut);\n    }\n\n    function getAmountsOut(uint amountIn, address[] memory path)\n        public\n        view\n        virtual\n        override\n        returns (uint[] memory amounts)\n    {\n        return UniswapV2Library.getAmountsOut(factory, amountIn, path);\n    }\n\n    function getAmountsIn(uint amountOut, address[] memory path)\n        public\n        view\n        virtual\n        override\n        returns (uint[] memory amounts)\n    {\n        return UniswapV2Library.getAmountsIn(factory, amountOut, path);\n    }\n}\n"
    },
    "contracts/libraries/UniswapV2Library.sol": {
      "content": "// SPDX-License-Identifier: GPL-3.0\n\npragma solidity >=0.5.0;\n\nimport '../interfaces/IUniswapV2Pair.sol';\n\nimport \"./SafeMath.sol\";\n\nlibrary UniswapV2Library {\n    using SafeMathUniswap for uint;\n\n    // returns sorted token addresses, used to handle return values from pairs sorted in this order\n    function sortTokens(address tokenA, address tokenB) internal pure returns (address token0, address token1) {\n        require(tokenA != tokenB, 'UniswapV2Library: IDENTICAL_ADDRESSES');\n        (token0, token1) = tokenA < tokenB ? (tokenA, tokenB) : (tokenB, tokenA);\n        require(token0 != address(0), 'UniswapV2Library: ZERO_ADDRESS');\n    }\n\n    // calculates the CREATE2 address for a pair without making any external calls\n    function pairFor(address factory, address tokenA, address tokenB) internal pure returns (address pair) {\n        (address token0, address token1) = sortTokens(tokenA, tokenB);\n        pair = address(uint(keccak256(abi.encodePacked(\n                hex'ff',\n                factory,\n                keccak256(abi.encodePacked(token0, token1)),\n                hex'e18a34eb0e04b04f7a0ac29a6e80748dca96319b42c54d679cb821dca90c6303' // init code hash\n            ))));\n    }\n\n    // fetches and sorts the reserves for a pair\n    function getReserves(address factory, address tokenA, address tokenB) internal view returns (uint reserveA, uint reserveB) {\n        (address token0,) = sortTokens(tokenA, tokenB);\n        (uint reserve0, uint reserve1,) = IUniswapV2Pair(pairFor(factory, tokenA, tokenB)).getReserves();\n        (reserveA, reserveB) = tokenA == token0 ? (reserve0, reserve1) : (reserve1, reserve0);\n    }\n\n    // given some amount of an asset and pair reserves, returns an equivalent amount of the other asset\n    function quote(uint amountA, uint reserveA, uint reserveB) internal pure returns (uint amountB) {\n        require(amountA > 0, 'UniswapV2Library: INSUFFICIENT_AMOUNT');\n        require(reserveA > 0 && reserveB > 0, 'UniswapV2Library: INSUFFICIENT_LIQUIDITY');\n        amountB = amountA.mul(reserveB) / reserveA;\n    }\n\n    // given an input amount of an asset and pair reserves, returns the maximum output amount of the other asset\n    function getAmountOut(uint amountIn, uint reserveIn, uint reserveOut) internal pure returns (uint amountOut) {\n        require(amountIn > 0, 'UniswapV2Library: INSUFFICIENT_INPUT_AMOUNT');\n        require(reserveIn > 0 && reserveOut > 0, 'UniswapV2Library: INSUFFICIENT_LIQUIDITY');\n        uint amountInWithFee = amountIn.mul(997);\n        uint numerator = amountInWithFee.mul(reserveOut);\n        uint denominator = reserveIn.mul(1000).add(amountInWithFee);\n        amountOut = numerator / denominator;\n    }\n\n    // given an output amount of an asset and pair reserves, returns a required input amount of the other asset\n    function getAmountIn(uint amountOut, uint reserveIn, uint reserveOut) internal pure returns (uint amountIn) {\n        require(amountOut > 0, 'UniswapV2Library: INSUFFICIENT_OUTPUT_AMOUNT');\n        require(reserveIn > 0 && reserveOut > 0, 'UniswapV2Library: INSUFFICIENT_LIQUIDITY');\n        uint numerator = reserveIn.mul(amountOut).mul(1000);\n        uint denominator = reserveOut.sub(amountOut).mul(997);\n        amountIn = (numerator / denominator).add(1);\n    }\n\n    // performs chained getAmountOut calculations on any number of pairs\n    function getAmountsOut(address factory, uint amountIn, address[] memory path) internal view returns (uint[] memory amounts) {\n        require(path.length >= 2, 'UniswapV2Library: INVALID_PATH');\n        amounts = new uint[](path.length);\n        amounts[0] = amountIn;\n        for (uint i; i < path.length - 1; i++) {\n            (uint reserveIn, uint reserveOut) = getReserves(factory, path[i], path[i + 1]);\n            amounts[i + 1] = getAmountOut(amounts[i], reserveIn, reserveOut);\n        }\n    }\n\n    // performs chained getAmountIn calculations on any number of pairs\n    function getAmountsIn(address factory, uint amountOut, address[] memory path) internal view returns (uint[] memory amounts) {\n        require(path.length >= 2, 'UniswapV2Library: INVALID_PATH');\n        amounts = new uint[](path.length);\n        amounts[amounts.length - 1] = amountOut;\n        for (uint i = path.length - 1; i > 0; i--) {\n            (uint reserveIn, uint reserveOut) = getReserves(factory, path[i - 1], path[i]);\n            amounts[i - 1] = getAmountIn(amounts[i], reserveIn, reserveOut);\n        }\n    }\n}\n"
    },
    "contracts/libraries/SafeMath.sol": {
      "content": "// SPDX-License-Identifier: GPL-3.0\n\npragma solidity =0.6.12;\n\n// a library for performing overflow-safe math, courtesy of DappHub (https://github.com/dapphub/ds-math)\n\nlibrary SafeMathUniswap {\n    function add(uint x, uint y) internal pure returns (uint z) {\n        require((z = x + y) >= x, 'ds-math-add-overflow');\n    }\n\n    function sub(uint x, uint y) internal pure returns (uint z) {\n        require((z = x - y) <= x, 'ds-math-sub-underflow');\n    }\n\n    function mul(uint x, uint y) internal pure returns (uint z) {\n        require(y == 0 || (z = x * y) / y == x, 'ds-math-mul-overflow');\n    }\n}\n"
    },
    "contracts/libraries/TransferHelper.sol": {
      "content": "// SPDX-License-Identifier: GPL-3.0\n\npragma solidity >=0.6.0;\n\n// helper methods for interacting with ERC20 tokens and sending ETH that do not consistently return true/false\nlibrary TransferHelper {\n    function safeApprove(address token, address to, uint value) internal {\n        // bytes4(keccak256(bytes('approve(address,uint256)')));\n        (bool success, bytes memory data) = token.call(abi.encodeWithSelector(0x095ea7b3, to, value));\n        require(success && (data.length == 0 || abi.decode(data, (bool))), 'TransferHelper: APPROVE_FAILED');\n    }\n\n    function safeTransfer(address token, address to, uint value) internal {\n        // bytes4(keccak256(bytes('transfer(address,uint256)')));\n        (bool success, bytes memory data) = token.call(abi.encodeWithSelector(0xa9059cbb, to, value));\n        require(success && (data.length == 0 || abi.decode(data, (bool))), 'TransferHelper: TRANSFER_FAILED');\n    }\n\n    function safeTransferFrom(address token, address from, address to, uint value) internal {\n        // bytes4(keccak256(bytes('transferFrom(address,address,uint256)')));\n        (bool success, bytes memory data) = token.call(abi.encodeWithSelector(0x23b872dd, from, to, value));\n        require(success && (data.length == 0 || abi.decode(data, (bool))), 'TransferHelper: TRANSFER_FROM_FAILED');\n    }\n\n    function safeTransferETH(address to, uint value) internal {\n        (bool success,) = to.call{value:value}(new bytes(0));\n        require(success, 'TransferHelper: ETH_TRANSFER_FAILED');\n    }\n}\n"
    },
    "contracts/interfaces/IUniswapV2Router02.sol": {
      "content": "// SPDX-License-Identifier: GPL-3.0\n\npragma solidity >=0.6.2;\n\nimport './IUniswapV2Router01.sol';\n\ninterface IUniswapV2Router02 is IUniswapV2Router01 {\n    function removeLiquidityETHSupportingFeeOnTransferTokens(\n        address token,\n        uint liquidity,\n        uint amountTokenMin,\n        uint amountETHMin,\n        address to,\n        uint deadline\n    ) external returns (uint amountETH);\n    function removeLiquidityETHWithPermitSupportingFeeOnTransferTokens(\n        address token,\n        uint liquidity,\n        uint amountTokenMin,\n        uint amountETHMin,\n        address to,\n        uint deadline,\n        bool approveMax, uint8 v, bytes32 r, bytes32 s\n    ) external returns (uint amountETH);\n\n    function swapExactTokensForTokensSupportingFeeOnTransferTokens(\n        uint amountIn,\n        uint amountOutMin,\n        address[] calldata path,\n        address to,\n        uint deadline\n    ) external;\n    function swapExactETHForTokensSupportingFeeOnTransferTokens(\n        uint amountOutMin,\n        address[] calldata path,\n        address to,\n        uint deadline\n    ) external payable;\n    function swapExactTokensForETHSupportingFeeOnTransferTokens(\n        uint amountIn,\n        uint amountOutMin,\n        address[] calldata path,\n        address to,\n        uint deadline\n    ) external;\n}"
    },
    "contracts/interfaces/IUniswapV2Factory.sol": {
      "content": "// SPDX-License-Identifier: GPL-3.0\n\npragma solidity >=0.5.0;\n\ninterface IUniswapV2Factory {\n    event PairCreated(address indexed token0, address indexed token1, address pair, uint);\n\n    function feeTo() external view returns (address);\n    function feeToSetter() external view returns (address);\n    function migrator() external view returns (address);\n\n    function getPair(address tokenA, address tokenB) external view returns (address pair);\n    function allPairs(uint) external view returns (address pair);\n    function allPairsLength() external view returns (uint);\n\n    function createPair(address tokenA, address tokenB) external returns (address pair);\n\n    function setFeeTo(address) external;\n    function setFeeToSetter(address) external;\n    function setMigrator(address) external;\n}\n"
    },
    "contracts/interfaces/IWETH.sol": {
      "content": "// SPDX-License-Identifier: GPL-3.0\n\npragma solidity >=0.5.0;\n\ninterface IWETH {\n    function deposit() external payable;\n    function transfer(address to, uint value) external returns (bool);\n    function withdraw(uint) external;\n}"
    },
    "contracts/interfaces/IUniswapV2Pair.sol": {
      "content": "// SPDX-License-Identifier: GPL-3.0\n\npragma solidity >=0.5.0;\n\ninterface IUniswapV2Pair {\n    event Approval(address indexed owner, address indexed spender, uint value);\n    event Transfer(address indexed from, address indexed to, uint value);\n\n    function name() external pure returns (string memory);\n    function symbol() external pure returns (string memory);\n    function decimals() external pure returns (uint8);\n    function totalSupply() external view returns (uint);\n    function balanceOf(address owner) external view returns (uint);\n    function allowance(address owner, address spender) external view returns (uint);\n\n    function approve(address spender, uint value) external returns (bool);\n    function transfer(address to, uint value) external returns (bool);\n    function transferFrom(address from, address to, uint value) external returns (bool);\n\n    function DOMAIN_SEPARATOR() external view returns (bytes32);\n    function PERMIT_TYPEHASH() external pure returns (bytes32);\n    function nonces(address owner) external view returns (uint);\n\n    function permit(address owner, address spender, uint value, uint deadline, uint8 v, bytes32 r, bytes32 s) external;\n\n    event Mint(address indexed sender, uint amount0, uint amount1);\n    event Burn(address indexed sender, uint amount0, uint amount1, address indexed to);\n    event Swap(\n        address indexed sender,\n        uint amount0In,\n        uint amount1In,\n        uint amount0Out,\n        uint amount1Out,\n        address indexed to\n    );\n    event Sync(uint112 reserve0, uint112 reserve1);\n\n    function MINIMUM_LIQUIDITY() external pure returns (uint);\n    function factory() external view returns (address);\n    function token0() external view returns (address);\n    function token1() external view returns (address);\n    function getReserves() external view returns (uint112 reserve0, uint112 reserve1, uint32 blockTimestampLast);\n    function price0CumulativeLast() external view returns (uint);\n    function price1CumulativeLast() external view returns (uint);\n    function kLast() external view returns (uint);\n\n    function mint(address to) external returns (uint liquidity);\n    function burn(address to) external returns (uint amount0, uint amount1);\n    function swap(uint amount0Out, uint amount1Out, address to, bytes calldata data) external;\n    function skim(address to) external;\n    function sync() external;\n\n    function initialize(address, address) external;\n}"
    },
    "contracts/interfaces/IUniswapV2Router01.sol": {
      "content": "// SPDX-License-Identifier: GPL-3.0\n\npragma solidity >=0.6.2;\n\ninterface IUniswapV2Router01 {\n    function factory() external pure returns (address);\n    function WETH() external pure returns (address);\n\n    function addLiquidity(\n        address tokenA,\n        address tokenB,\n        uint amountADesired,\n        uint amountBDesired,\n        uint amountAMin,\n        uint amountBMin,\n        address to,\n        uint deadline\n    ) external returns (uint amountA, uint amountB, uint liquidity);\n    function addLiquidityETH(\n        address token,\n        uint amountTokenDesired,\n        uint amountTokenMin,\n        uint amountETHMin,\n        address to,\n        uint deadline\n    ) external payable returns (uint amountToken, uint amountETH, uint liquidity);\n    function removeLiquidity(\n        address tokenA,\n        address tokenB,\n        uint liquidity,\n        uint amountAMin,\n        uint amountBMin,\n        address to,\n        uint deadline\n    ) external returns (uint amountA, uint amountB);\n    function removeLiquidityETH(\n        address token,\n        uint liquidity,\n        uint amountTokenMin,\n        uint amountETHMin,\n        address to,\n        uint deadline\n    ) external returns (uint amountToken, uint amountETH);\n    function removeLiquidityWithPermit(\n        address tokenA,\n        address tokenB,\n        uint liquidity,\n        uint amountAMin,\n        uint amountBMin,\n        address to,\n        uint deadline,\n        bool approveMax, uint8 v, bytes32 r, bytes32 s\n    ) external returns (uint amountA, uint amountB);\n    function removeLiquidityETHWithPermit(\n        address token,\n        uint liquidity,\n        uint amountTokenMin,\n        uint amountETHMin,\n        address to,\n        uint deadline,\n        bool approveMax, uint8 v, bytes32 r, bytes32 s\n    ) external returns (uint amountToken, uint amountETH);\n    function swapExactTokensForTokens(\n        uint amountIn,\n        uint amountOutMin,\n        address[] calldata path,\n        address to,\n        uint deadline\n    ) external returns (uint[] memory amounts);\n    function swapTokensForExactTokens(\n        uint amountOut,\n        uint amountInMax,\n        address[] calldata path,\n        address to,\n        uint deadline\n    ) external returns (uint[] memory amounts);\n    function swapExactETHForTokens(uint amountOutMin, address[] calldata path, address to, uint deadline)\n        external\n        payable\n        returns (uint[] memory amounts);\n    function swapTokensForExactETH(uint amountOut, uint amountInMax, address[] calldata path, address to, uint deadline)\n        external\n        returns (uint[] memory amounts);\n    function swapExactTokensForETH(uint amountIn, uint amountOutMin, address[] calldata path, address to, uint deadline)\n        external\n        returns (uint[] memory amounts);\n    function swapETHForExactTokens(uint amountOut, address[] calldata path, address to, uint deadline)\n        external\n        payable\n        returns (uint[] memory amounts);\n\n    function quote(uint amountA, uint reserveA, uint reserveB) external pure returns (uint amountB);\n    function getAmountOut(uint amountIn, uint reserveIn, uint reserveOut) external pure returns (uint amountOut);\n    function getAmountIn(uint amountOut, uint reserveIn, uint reserveOut) external pure returns (uint amountIn);\n    function getAmountsOut(uint amountIn, address[] calldata path) external view returns (uint[] memory amounts);\n    function getAmountsIn(uint amountOut, address[] calldata path) external view returns (uint[] memory amounts);\n}"
    },
    "contracts/UniswapV2Pair.sol": {
      "content": "// SPDX-License-Identifier: GPL-3.0\n\npragma solidity =0.6.12;\n\nimport './UniswapV2ERC20.sol';\nimport './libraries/Math.sol';\nimport './libraries/UQ112x112.sol';\nimport './interfaces/IERC20.sol';\nimport './interfaces/IUniswapV2Factory.sol';\nimport './interfaces/IUniswapV2Callee.sol';\n\ninterface IMigrator {\n    // Return the desired amount of liquidity token that the migrator wants.\n    function desiredLiquidity() external view returns (uint256);\n}\n\ncontract UniswapV2Pair is UniswapV2ERC20 {\n    using SafeMathUniswap  for uint;\n    using UQ112x112 for uint224;\n\n    uint public constant MINIMUM_LIQUIDITY = 10**3;\n    bytes4 private constant SELECTOR = bytes4(keccak256(bytes('transfer(address,uint256)')));\n\n    address public factory;\n    address public token0;\n    address public token1;\n\n    uint112 private reserve0;           // uses single storage slot, accessible via getReserves\n    uint112 private reserve1;           // uses single storage slot, accessible via getReserves\n    uint32  private blockTimestampLast; // uses single storage slot, accessible via getReserves\n\n    uint public price0CumulativeLast;\n    uint public price1CumulativeLast;\n    uint public kLast; // reserve0 * reserve1, as of immediately after the most recent liquidity event\n\n    uint private unlocked = 1;\n    modifier lock() {\n        require(unlocked == 1, 'UniswapV2: LOCKED');\n        unlocked = 0;\n        _;\n        unlocked = 1;\n    }\n\n    function getReserves() public view returns (uint112 _reserve0, uint112 _reserve1, uint32 _blockTimestampLast) {\n        _reserve0 = reserve0;\n        _reserve1 = reserve1;\n        _blockTimestampLast = blockTimestampLast;\n    }\n\n    function _safeTransfer(address token, address to, uint value) private {\n        (bool success, bytes memory data) = token.call(abi.encodeWithSelector(SELECTOR, to, value));\n        require(success && (data.length == 0 || abi.decode(data, (bool))), 'UniswapV2: TRANSFER_FAILED');\n    }\n\n    event Mint(address indexed sender, uint amount0, uint amount1);\n    event Burn(address indexed sender, uint amount0, uint amount1, address indexed to);\n    event Swap(\n        address indexed sender,\n        uint amount0In,\n        uint amount1In,\n        uint amount0Out,\n        uint amount1Out,\n        address indexed to\n    );\n    event Sync(uint112 reserve0, uint112 reserve1);\n\n    constructor() public {\n        factory = msg.sender;\n    }\n\n    // called once by the factory at time of deployment\n    function initialize(address _token0, address _token1) external {\n        require(msg.sender == factory, 'UniswapV2: FORBIDDEN'); // sufficient check\n        token0 = _token0;\n        token1 = _token1;\n    }\n\n    // update reserves and, on the first call per block, price accumulators\n    function _update(uint balance0, uint balance1, uint112 _reserve0, uint112 _reserve1) private {\n        require(balance0 <= uint112(-1) && balance1 <= uint112(-1), 'UniswapV2: OVERFLOW');\n        uint32 blockTimestamp = uint32(block.timestamp % 2**32);\n        uint32 timeElapsed = blockTimestamp - blockTimestampLast; // overflow is desired\n        if (timeElapsed > 0 && _reserve0 != 0 && _reserve1 != 0) {\n            // * never overflows, and + overflow is desired\n            price0CumulativeLast += uint(UQ112x112.encode(_reserve1).uqdiv(_reserve0)) * timeElapsed;\n            price1CumulativeLast += uint(UQ112x112.encode(_reserve0).uqdiv(_reserve1)) * timeElapsed;\n        }\n        reserve0 = uint112(balance0);\n        reserve1 = uint112(balance1);\n        blockTimestampLast = blockTimestamp;\n        emit Sync(reserve0, reserve1);\n    }\n\n    // if fee is on, mint liquidity equivalent to 1/6th of the growth in sqrt(k)\n    function _mintFee(uint112 _reserve0, uint112 _reserve1) private returns (bool feeOn) {\n        address feeTo = IUniswapV2Factory(factory).feeTo();\n        feeOn = feeTo != address(0);\n        uint _kLast = kLast; // gas savings\n        if (feeOn) {\n            if (_kLast != 0) {\n                uint rootK = Math.sqrt(uint(_reserve0).mul(_reserve1));\n                uint rootKLast = Math.sqrt(_kLast);\n                if (rootK > rootKLast) {\n                    uint numerator = totalSupply.mul(rootK.sub(rootKLast));\n                    uint denominator = rootK.mul(5).add(rootKLast);\n                    uint liquidity = numerator / denominator;\n                    if (liquidity > 0) _mint(feeTo, liquidity);\n                }\n            }\n        } else if (_kLast != 0) {\n            kLast = 0;\n        }\n    }\n\n    // this low-level function should be called from a contract which performs important safety checks\n    function mint(address to) external lock returns (uint liquidity) {\n        (uint112 _reserve0, uint112 _reserve1,) = getReserves(); // gas savings\n        uint balance0 = IERC20Uniswap(token0).balanceOf(address(this));\n        uint balance1 = IERC20Uniswap(token1).balanceOf(address(this));\n        uint amount0 = balance0.sub(_reserve0);\n        uint amount1 = balance1.sub(_reserve1);\n\n        bool feeOn = _mintFee(_reserve0, _reserve1);\n        uint _totalSupply = totalSupply; // gas savings, must be defined here since totalSupply can update in _mintFee\n        if (_totalSupply == 0) {\n            address migrator = IUniswapV2Factory(factory).migrator();\n            if (msg.sender == migrator) {\n                liquidity = IMigrator(migrator).desiredLiquidity();\n                require(liquidity > 0 && liquidity != uint256(-1), \"Bad desired liquidity\");\n            } else {\n                require(migrator == address(0), \"Must not have migrator\");\n                liquidity = Math.sqrt(amount0.mul(amount1)).sub(MINIMUM_LIQUIDITY);\n                _mint(address(0), MINIMUM_LIQUIDITY); // permanently lock the first MINIMUM_LIQUIDITY tokens\n            }\n        } else {\n            liquidity = Math.min(amount0.mul(_totalSupply) / _reserve0, amount1.mul(_totalSupply) / _reserve1);\n        }\n        require(liquidity > 0, 'UniswapV2: INSUFFICIENT_LIQUIDITY_MINTED');\n        _mint(to, liquidity);\n\n        _update(balance0, balance1, _reserve0, _reserve1);\n        if (feeOn) kLast = uint(reserve0).mul(reserve1); // reserve0 and reserve1 are up-to-date\n        emit Mint(msg.sender, amount0, amount1);\n    }\n\n    // this low-level function should be called from a contract which performs important safety checks\n    function burn(address to) external lock returns (uint amount0, uint amount1) {\n        (uint112 _reserve0, uint112 _reserve1,) = getReserves(); // gas savings\n        address _token0 = token0;                                // gas savings\n        address _token1 = token1;                                // gas savings\n        uint balance0 = IERC20Uniswap(_token0).balanceOf(address(this));\n        uint balance1 = IERC20Uniswap(_token1).balanceOf(address(this));\n        uint liquidity = balanceOf[address(this)];\n\n        bool feeOn = _mintFee(_reserve0, _reserve1);\n        uint _totalSupply = totalSupply; // gas savings, must be defined here since totalSupply can update in _mintFee\n        amount0 = liquidity.mul(balance0) / _totalSupply; // using balances ensures pro-rata distribution\n        amount1 = liquidity.mul(balance1) / _totalSupply; // using balances ensures pro-rata distribution\n        require(amount0 > 0 && amount1 > 0, 'UniswapV2: INSUFFICIENT_LIQUIDITY_BURNED');\n        _burn(address(this), liquidity);\n        _safeTransfer(_token0, to, amount0);\n        _safeTransfer(_token1, to, amount1);\n        balance0 = IERC20Uniswap(_token0).balanceOf(address(this));\n        balance1 = IERC20Uniswap(_token1).balanceOf(address(this));\n\n        _update(balance0, balance1, _reserve0, _reserve1);\n        if (feeOn) kLast = uint(reserve0).mul(reserve1); // reserve0 and reserve1 are up-to-date\n        emit Burn(msg.sender, amount0, amount1, to);\n    }\n\n    // this low-level function should be called from a contract which performs important safety checks\n    function swap(uint amount0Out, uint amount1Out, address to, bytes calldata data) external lock {\n        require(amount0Out > 0 || amount1Out > 0, 'UniswapV2: INSUFFICIENT_OUTPUT_AMOUNT');\n        (uint112 _reserve0, uint112 _reserve1,) = getReserves(); // gas savings\n        require(amount0Out < _reserve0 && amount1Out < _reserve1, 'UniswapV2: INSUFFICIENT_LIQUIDITY');\n\n        uint balance0;\n        uint balance1;\n        { // scope for _token{0,1}, avoids stack too deep errors\n        address _token0 = token0;\n        address _token1 = token1;\n        require(to != _token0 && to != _token1, 'UniswapV2: INVALID_TO');\n        if (amount0Out > 0) _safeTransfer(_token0, to, amount0Out); // optimistically transfer tokens\n        if (amount1Out > 0) _safeTransfer(_token1, to, amount1Out); // optimistically transfer tokens\n        if (data.length > 0) IUniswapV2Callee(to).uniswapV2Call(msg.sender, amount0Out, amount1Out, data);\n        balance0 = IERC20Uniswap(_token0).balanceOf(address(this));\n        balance1 = IERC20Uniswap(_token1).balanceOf(address(this));\n        }\n        uint amount0In = balance0 > _reserve0 - amount0Out ? balance0 - (_reserve0 - amount0Out) : 0;\n        uint amount1In = balance1 > _reserve1 - amount1Out ? balance1 - (_reserve1 - amount1Out) : 0;\n        require(amount0In > 0 || amount1In > 0, 'UniswapV2: INSUFFICIENT_INPUT_AMOUNT');\n        { // scope for reserve{0,1}Adjusted, avoids stack too deep errors\n        uint balance0Adjusted = balance0.mul(1000).sub(amount0In.mul(3));\n        uint balance1Adjusted = balance1.mul(1000).sub(amount1In.mul(3));\n        require(balance0Adjusted.mul(balance1Adjusted) >= uint(_reserve0).mul(_reserve1).mul(1000**2), 'UniswapV2: K');\n        }\n\n        _update(balance0, balance1, _reserve0, _reserve1);\n        emit Swap(msg.sender, amount0In, amount1In, amount0Out, amount1Out, to);\n    }\n\n    // force balances to match reserves\n    function skim(address to) external lock {\n        address _token0 = token0; // gas savings\n        address _token1 = token1; // gas savings\n        _safeTransfer(_token0, to, IERC20Uniswap(_token0).balanceOf(address(this)).sub(reserve0));\n        _safeTransfer(_token1, to, IERC20Uniswap(_token1).balanceOf(address(this)).sub(reserve1));\n    }\n\n    // force reserves to match balances\n    function sync() external lock {\n        _update(IERC20Uniswap(token0).balanceOf(address(this)), IERC20Uniswap(token1).balanceOf(address(this)), reserve0, reserve1);\n    }\n}\n"
    },
    "contracts/UniswapV2ERC20.sol": {
      "content": "// SPDX-License-Identifier: GPL-3.0\n\npragma solidity =0.6.12;\n\nimport './libraries/SafeMath.sol';\n\ncontract UniswapV2ERC20 {\n    using SafeMathUniswap for uint;\n\n    string public constant name = 'SushiSwap LP Token';\n    string public constant symbol = 'SLP';\n    uint8 public constant decimals = 18;\n    uint  public totalSupply;\n    mapping(address => uint) public balanceOf;\n    mapping(address => mapping(address => uint)) public allowance;\n\n    bytes32 public DOMAIN_SEPARATOR;\n    // keccak256(\"Permit(address owner,address spender,uint256 value,uint256 nonce,uint256 deadline)\");\n    bytes32 public constant PERMIT_TYPEHASH = 0x6e71edae12b1b97f4d1f60370fef10105fa2faae0126114a169c64845d6126c9;\n    mapping(address => uint) public nonces;\n\n    event Approval(address indexed owner, address indexed spender, uint value);\n    event Transfer(address indexed from, address indexed to, uint value);\n\n    constructor() public {\n        uint chainId;\n        assembly {\n            chainId := chainid()\n        }\n        DOMAIN_SEPARATOR = keccak256(\n            abi.encode(\n                keccak256('EIP712Domain(string name,string version,uint256 chainId,address verifyingContract)'),\n                keccak256(bytes(name)),\n                keccak256(bytes('1')),\n                chainId,\n                address(this)\n            )\n        );\n    }\n\n    function _mint(address to, uint value) internal {\n        totalSupply = totalSupply.add(value);\n        balanceOf[to] = balanceOf[to].add(value);\n        emit Transfer(address(0), to, value);\n    }\n\n    function _burn(address from, uint value) internal {\n        balanceOf[from] = balanceOf[from].sub(value);\n        totalSupply = totalSupply.sub(value);\n        emit Transfer(from, address(0), value);\n    }\n\n    function _approve(address owner, address spender, uint value) private {\n        allowance[owner][spender] = value;\n        emit Approval(owner, spender, value);\n    }\n\n    function _transfer(address from, address to, uint value) private {\n        balanceOf[from] = balanceOf[from].sub(value);\n        balanceOf[to] = balanceOf[to].add(value);\n        emit Transfer(from, to, value);\n    }\n\n    function approve(address spender, uint value) external returns (bool) {\n        _approve(msg.sender, spender, value);\n        return true;\n    }\n\n    function transfer(address to, uint value) external returns (bool) {\n        _transfer(msg.sender, to, value);\n        return true;\n    }\n\n    function transferFrom(address from, address to, uint value) external returns (bool) {\n        if (allowance[from][msg.sender] != uint(-1)) {\n            allowance[from][msg.sender] = allowance[from][msg.sender].sub(value);\n        }\n        _transfer(from, to, value);\n        return true;\n    }\n\n    function permit(address owner, address spender, uint value, uint deadline, uint8 v, bytes32 r, bytes32 s) external {\n        require(deadline >= block.timestamp, 'UniswapV2: EXPIRED');\n        bytes32 digest = keccak256(\n            abi.encodePacked(\n                '\\x19\\x01',\n                DOMAIN_SEPARATOR,\n                keccak256(abi.encode(PERMIT_TYPEHASH, owner, spender, value, nonces[owner]++, deadline))\n            )\n        );\n        address recoveredAddress = ecrecover(digest, v, r, s);\n        require(recoveredAddress != address(0) && recoveredAddress == owner, 'UniswapV2: INVALID_SIGNATURE');\n        _approve(owner, spender, value);\n    }\n}\n"
    },
    "contracts/libraries/Math.sol": {
      "content": "// SPDX-License-Identifier: GPL-3.0\n\npragma solidity =0.6.12;\n\n// a library for performing various math operations\n\nlibrary Math {\n    function min(uint x, uint y) internal pure returns (uint z) {\n        z = x < y ? x : y;\n    }\n\n    // babylonian method (https://en.wikipedia.org/wiki/Methods_of_computing_square_roots#Babylonian_method)\n    function sqrt(uint y) internal pure returns (uint z) {\n        if (y > 3) {\n            z = y;\n            uint x = y / 2 + 1;\n            while (x < z) {\n                z = x;\n                x = (y / x + x) / 2;\n            }\n        } else if (y != 0) {\n            z = 1;\n        }\n    }\n}\n"
    },
    "contracts/libraries/UQ112x112.sol": {
      "content": "// SPDX-License-Identifier: GPL-3.0\n\npragma solidity =0.6.12;\n\n// a library for handling binary fixed point numbers (https://en.wikipedia.org/wiki/Q_(number_format))\n\n// range: [0, 2**112 - 1]\n// resolution: 1 / 2**112\n\nlibrary UQ112x112 {\n    uint224 constant Q112 = 2**112;\n\n    // encode a uint112 as a UQ112x112\n    function encode(uint112 y) internal pure returns (uint224 z) {\n        z = uint224(y) * Q112; // never overflows\n    }\n\n    // divide a UQ112x112 by a uint112, returning a UQ112x112\n    function uqdiv(uint224 x, uint112 y) internal pure returns (uint224 z) {\n        z = x / uint224(y);\n    }\n}\n"
    },
    "contracts/interfaces/IUniswapV2Callee.sol": {
      "content": "// SPDX-License-Identifier: GPL-3.0\n\npragma solidity >=0.5.0;\n\ninterface IUniswapV2Callee {\n    function uniswapV2Call(address sender, uint amount0, uint amount1, bytes calldata data) external;\n}\n"
    },
    "contracts/UniswapV2Factory.sol": {
      "content": "// SPDX-License-Identifier: GPL-3.0\n\npragma solidity =0.6.12;\n\nimport './interfaces/IUniswapV2Factory.sol';\nimport './UniswapV2Pair.sol';\n\ncontract UniswapV2Factory is IUniswapV2Factory {\n    address public override feeTo;\n    address public override feeToSetter;\n    address public override migrator;\n\n    mapping(address => mapping(address => address)) public override getPair;\n    address[] public override allPairs;\n\n    event PairCreated(address indexed token0, address indexed token1, address pair, uint);\n\n    constructor(address _feeToSetter) public {\n        feeToSetter = _feeToSetter;\n    }\n\n    function allPairsLength() external override view returns (uint) {\n        return allPairs.length;\n    }\n\n    function pairCodeHash() external pure returns (bytes32) {\n        return keccak256(type(UniswapV2Pair).creationCode);\n    }\n\n    function createPair(address tokenA, address tokenB) external override returns (address pair) {\n        require(tokenA != tokenB, 'UniswapV2: IDENTICAL_ADDRESSES');\n        (address token0, address token1) = tokenA < tokenB ? (tokenA, tokenB) : (tokenB, tokenA);\n        require(token0 != address(0), 'UniswapV2: ZERO_ADDRESS');\n        require(getPair[token0][token1] == address(0), 'UniswapV2: PAIR_EXISTS'); // single check is sufficient\n        bytes memory bytecode = type(UniswapV2Pair).creationCode;\n        bytes32 salt = keccak256(abi.encodePacked(token0, token1));\n        assembly {\n            pair := create2(0, add(bytecode, 32), mload(bytecode), salt)\n        }\n        UniswapV2Pair(pair).initialize(token0, token1);\n        getPair[token0][token1] = pair;\n        getPair[token1][token0] = pair; // populate mapping in the reverse direction\n        allPairs.push(pair);\n        emit PairCreated(token0, token1, pair, allPairs.length);\n    }\n\n    function setFeeTo(address _feeTo) external override {\n        require(msg.sender == feeToSetter, 'UniswapV2: FORBIDDEN');\n        feeTo = _feeTo;\n    }\n\n    function setMigrator(address _migrator) external override {\n        require(msg.sender == feeToSetter, 'UniswapV2: FORBIDDEN');\n        migrator = _migrator;\n    }\n\n    function setFeeToSetter(address _feeToSetter) external override {\n        require(msg.sender == feeToSetter, 'UniswapV2: FORBIDDEN');\n        feeToSetter = _feeToSetter;\n    }\n\n}\n"
    }
  },
  "settings": {
    "optimizer": {
      "enabled": true,
      "runs": 200
    },
    "outputSelection": {
      "*": {
        "*": [
          "abi",
          "evm.bytecode",
          "evm.deployedBytecode",
          "evm.methodIdentifiers",
          "metadata",
          "devdoc",
          "userdoc",
          "storageLayout",
          "evm.gasEstimates"
        ],
        "": ["ast"]
      }
    },
    "metadata": {
      "useLiteralContent": true
    }
  }
}
